"Fold","TrueValue","PredictedValue"
1,0,0.496166666666667
1,0,0.0242666666666666
1,0,0.112066666666667
1,0,0.2849
1,1,0.514366666666667
1,0,0.0961
1,0,0.378166666666667
1,1,0.372066666666667
1,0,0.232666666666667
1,1,0.674433333333334
1,1,0.677566666666667
1,1,0.365866666666667
1,0,0.122233333333333
1,1,0.6362
1,1,0.537066666666667
1,1,0.4637
1,0,0.188433333333333
1,0,0.3732
1,0,0.199533333333333
1,0,0.300633333333333
1,1,0.312066666666667
1,0,0.1922
1,1,0.775033333333333
1,0,0.1643
1,0,0.215233333333333
1,0,0.1839
1,1,0.786233333333333
1,0,0.0680666666666667
1,1,0.5382
1,0,0.3076
1,1,0.744066666666667
1,0,0.2475
1,1,0.3766
1,0,0.317633333333333
1,0,0.0946666666666666
1,0,0.705366666666667
1,0,0.644133333333334
1,0,0.0408333333333333
1,0,0.0315333333333333
1,1,0.1303
1,0,0.416366666666667
1,0,0.5435
1,0,0.120833333333333
1,0,0.409566666666667
1,1,0.490566666666667
1,0,0.503933333333333
1,1,0.800066666666667
1,0,0.0504333333333333
1,0,0.230766666666667
1,0,0.7343
1,0,0.0606666666666667
1,0,0.693066666666667
1,0,0.510366666666667
1,0,0.269133333333333
1,0,0.265666666666667
1,0,0.202366666666667
1,0,0.180866666666667
1,0,0.00709999999999995
1,1,0.537833333333333
1,1,0.5007
1,0,0.2002
1,1,0.745966666666667
1,1,0.6458
1,0,0.2128
1,1,0.0448
1,0,0.00766666666666659
1,0,0.0804333333333333
1,1,0.482633333333333
1,1,0.630766666666667
1,0,0.0623666666666667
1,0,0.0407666666666666
1,0,0.1975
1,1,0.7268
1,0,0.219933333333333
1,0,0.220366666666667
1,1,0.498666666666667
1,1,0.1075
1,0,0.235366666666667
1,0,0.433166666666667
1,0,0.124333333333333
1,0,0.1698
1,0,0.05
1,0,0.0472
1,0,0.202333333333333
1,1,0.147733333333333
1,1,0.807166666666666
1,0,0.176033333333333
1,0,0.446266666666666
1,0,0.1854
1,1,0.5636
1,0,0.587566666666667
1,0,0.1328
1,0,0.282566666666667
1,0,0.1191
1,1,0.2492
1,0,0.215266666666667
1,0,0.608866666666667
1,0,0.0115666666666666
1,1,0.159966666666667
1,0,0.344166666666667
1,0,0.221366666666667
1,0,0.173633333333333
1,1,0.2111
1,0,0.188833333333333
1,0,0.264333333333333
1,0,0.3187
1,0,0.7277
1,1,0.185
1,0,0.0785666666666667
1,0,0.297333333333333
1,1,0.182233333333333
1,0,0.200766666666667
1,0,0.394033333333333
1,0,0.0516333333333333
1,0,0.251866666666667
1,0,0.0607333333333333
1,1,0.2686
1,0,0.1006
1,0,0.327366666666667
1,0,0.1112
1,1,0.0425
1,0,0.1097
1,0,0.0935
1,0,0.229366666666667
1,0,0.0287999999999999
1,1,0.7349
1,1,0.641733333333333
1,0,0.106833333333333
1,1,0.0438333333333333
1,0,0.273833333333333
1,1,0.701233333333333
1,1,0.732366666666667
1,0,0.377766666666667
1,1,0.676766666666667
1,1,0.7206
1,0,0.1583
1,0,0.1355
1,1,0.669633333333333
1,0,0.5304
1,1,0.538
1,1,0.494766666666667
1,1,0.1875
1,0,0.171866666666667
1,0,0.704233333333334
1,1,0.268966666666667
1,0,0.252033333333333
1,1,0.540933333333333
1,1,0.247733333333333
1,1,0.3028
1,0,0.355133333333333
1,0,0.0742
1,0,0.159966666666667
1,0,0.138033333333333
1,0,0.422133333333333
1,1,0.738666666666667
1,0,0.838633333333333
1,0,0.5341
1,0,0.2678
1,1,0.703233333333333
1,0,0.0180666666666666
1,1,0.388133333333333
1,0,0.1557
1,1,0.6357
1,1,0.718733333333333
1,1,0.815033333333333
1,0,0.687333333333333
1,0,0.3831
1,1,0.7857
1,1,0.6034
1,0,0.4491
1,1,0.4355
1,0,0.700566666666667
1,1,0.496833333333333
1,0,0.477666666666667
1,0,0.0899
1,1,0.3297
1,1,0.613833333333333
1,1,0.7801
1,1,0.693166666666667
1,1,0.6839
1,0,0.0545
1,0,0.1196
1,0,0.285866666666667
1,0,0.167933333333333
1,1,0.610733333333333
1,0,0.261366666666667
1,0,0.0386333333333333
1,1,0.5524
1,1,0.3712
1,0,0.3589
1,0,0.569266666666667
1,0,0.450766666666667
1,0,0.0386666666666666
1,1,0.6931
1,1,0.272733333333333
1,1,0.427666666666667
1,0,0.3135
1,1,0.647133333333333
1,1,0.247733333333333
1,1,0.464866666666667
1,1,0.526733333333333
1,0,0.6143
1,0,0.172466666666667
1,0,0.0909333333333333
1,0,0.281533333333333
1,0,0.636433333333333
1,1,0.5927
1,1,0.335533333333333
1,0,0.366133333333333
1,0,0.0770666666666667
1,0,0.281966666666667
1,0,0.1051
1,0,0.172566666666667
1,0,0.0731666666666666
1,0,0.323466666666667
1,0,0.535033333333333
1,0,0.507733333333333
1,0,0.368666666666667
1,0,0.336333333333333
1,0,0.0624666666666666
1,0,0.116966666666667
1,0,0.341166666666667
1,0,0.1906
1,0,0.196366666666667
1,1,0.7686
1,1,0.508433333333334
1,0,0.164466666666667
1,0,0.6224
1,0,0.0721333333333333
1,0,0.132033333333333
1,1,0.152633333333333
1,1,0.669966666666667
1,0,0.0818
1,0,0.3669
1,0,0.0121999999999999
1,1,0.3622
1,0,0.190733333333333
1,0,0.540766666666667
1,0,0.109266666666667
1,0,0.0768333333333333
1,0,0.0555
1,0,0.310266666666667
1,0,0.0890333333333333
1,0,0.146133333333333
1,1,0.0735333333333333
1,1,0.429333333333333
1,1,0.454766666666667
1,0,0.120533333333333
1,0,0.3372
1,1,0.663233333333333
1,0,0.1726
1,0,0.137566666666667
1,1,0.4957
1,0,0.1555
1,0,0.0969
1,0,0.158133333333333
1,0,0.270266666666667
1,0,0.1675
1,0,0.100666666666667
1,0,0.264
1,0,0.319333333333333
1,0,0.2807
1,1,0.579833333333333
1,0,0.0623666666666667
1,0,0.0233333333333333
1,0,0.0819
1,0,0.00453333333333328
1,0,0.105633333333333
1,0,0.187766666666667
1,1,0.723266666666667
1,1,0.660466666666667
1,0,0.735866666666667
1,0,0.127333333333333
1,0,0.501366666666667
1,0,0.2957
1,0,0.4135
1,1,0.5933
1,0,0.408866666666667
1,0,0.376833333333333
1,0,0.2457
1,1,0.4983
1,1,0.501766666666667
1,0,0.288766666666667
1,0,0.2713
1,0,0.122066666666667
1,0,0.113
1,0,0.0817
1,0,0.326933333333333
1,1,0.113333333333333
1,0,0.1742
1,0,0.223166666666667
1,1,0.592133333333333
1,0,0.148166666666667
1,1,0.758133333333333
1,0,0.339933333333333
1,0,0.3397
1,1,0.4634
1,1,0.475233333333333
1,1,0.713533333333333
1,0,0.300433333333333
1,0,0.154933333333333
1,1,0.2634
1,1,0.572333333333333
1,1,0.8102
1,1,0.4577
1,0,0.2417
1,0,0.313966666666667
1,0,0.284866666666667
1,0,0.699366666666667
1,1,0.319566666666667
1,1,0.478833333333333
1,1,0.472933333333333
1,0,0.562333333333334
1,0,0.167633333333333
1,0,0.389
1,0,0.233633333333333
1,1,0.5317
1,0,0.278733333333333
1,0,0.184066666666667
1,1,0.393266666666667
1,1,0.583966666666667
1,0,0.0657
1,1,0.836066666666667
1,0,0.143266666666667
1,0,0.208366666666667
1,0,0.267966666666667
1,0,0.261933333333333
1,0,0.6517
1,0,0.552266666666667
1,0,0.405766666666667
1,1,0.384166666666667
1,0,0.190033333333333
1,0,0.312133333333333
1,0,0.2967
1,0,0.7445
1,0,0.185633333333333
1,0,0.309633333333333
1,0,0.121333333333333
1,1,0.391166666666667
1,0,0.237366666666667
1,1,0.2417
1,0,0.1754
1,0,0.137733333333333
1,0,0.528733333333333
1,0,0.203933333333333
1,0,0.0584
1,0,0.0957
1,1,0.455333333333333
1,0,0.0737666666666667
1,0,0.251533333333333
1,1,0.2814
1,0,0.4571
1,0,0.254333333333333
1,0,0.1461
1,0,0.327666666666666
1,0,0.257066666666667
1,0,0.2746
1,0,0.3149
1,0,0.292266666666667
1,1,0.562066666666666
1,0,0.413066666666667
1,1,0.3355
1,0,0.2596
1,0,0.522566666666667
1,0,0.468866666666667
1,0,0.2463
1,0,0.2879
1,0,0.321566666666667
1,0,0.2549
1,0,0.272066666666667
1,0,0.1601
1,0,0.3047
1,0,0.2807
1,0,0.384566666666667
1,1,0.2984
1,0,0.3053
1,0,0.372866666666667
1,1,0.8159
1,1,0.399466666666667
1,0,0.2228
1,0,0.2499
1,1,0.451266666666667
1,0,0.343066666666667
1,0,0.311666666666667
1,0,0.4611
1,0,0.4319
1,0,0.315866666666667
1,1,0.4405
1,1,0.592366666666667
1,0,0.433133333333333
1,1,0.4545
1,0,0.310733333333333
1,1,0.416366666666667
1,0,0.461833333333333
1,1,0.470233333333333
1,0,0.138566666666667
1,1,0.317466666666667
1,1,0.229366666666667
1,1,0.5095
1,0,0.0931666666666667
1,0,0.00723333333333332
1,0,0.218766666666667
1,0,0.442666666666667
1,1,0.585233333333333
1,1,0.523966666666666
1,0,0.4912
2,0,0.142033333333333
2,1,0.390166666666667
2,0,0.210466666666667
2,0,0.0739333333333333
2,0,0.1799
2,0,0.240733333333333
2,0,0.1445
2,0,0.561566666666667
2,1,0.1886
2,0,0.1705
2,0,0.1347
2,1,0.1832
2,0,0.287833333333333
2,1,0.5385
2,0,0.0313333333333333
2,0,0.1692
2,0,0.0915333333333333
2,1,0.191
2,0,0.0948666666666667
2,0,0.149866666666667
2,0,0.0172333333333333
2,1,0.143066666666667
2,0,0.348066666666667
2,0,0.0866333333333333
2,0,0.2054
2,1,0.6096
2,0,0.5532
2,0,0.100533333333333
2,1,0.349666666666667
2,0,0.1402
2,1,0.824933333333333
2,1,0.304466666666667
2,0,0.220333333333333
2,0,0.310233333333333
2,1,0.5535
2,1,0.879166666666667
2,0,0.2178
2,1,0.6501
2,0,0.756566666666667
2,0,0.160666666666667
2,0,0.347666666666667
2,0,0.1362
2,1,0.7121
2,0,0.185133333333333
2,0,0.5645
2,0,0.0727333333333333
2,1,0.222533333333333
2,0,0.1185
2,0,0.2713
2,1,0.603133333333333
2,0,0.0881333333333333
2,0,0.1256
2,1,0.7522
2,0,0.610333333333333
2,1,0.428633333333333
2,0,0.0809333333333333
2,0,0.137466666666667
2,0,0.0541
2,0,0.3686
2,0,0.148733333333333
2,0,0.1193
2,0,0.1369
2,0,0.152233333333333
2,1,0.648566666666667
2,0,0.0399666666666667
2,0,0.0448
2,0,0.235666666666667
2,0,0.205966666666667
2,1,0.391766666666667
2,1,0.100833333333333
2,1,0.340566666666667
2,0,0.1209
2,1,0.339766666666667
2,0,0.1789
2,0,0.129933333333333
2,1,0.0803666666666666
2,1,0.544733333333333
2,0,0.182366666666667
2,0,0.0778333333333333
2,0,0.113033333333333
2,0,0.0497666666666667
2,1,0.5214
2,0,0.0173333333333333
2,1,0.7572
2,0,0.00999999999999996
2,1,0.698466666666667
2,0,0.221233333333333
2,0,0.215466666666667
2,0,0.315733333333333
2,0,0.00383333333333329
2,1,0.4409
2,0,0.266733333333333
2,0,0.0958666666666667
2,1,0.436
2,0,0.0784
2,1,0.4359
2,1,0.5886
2,1,0.426533333333333
2,0,0.168666666666667
2,0,0.278866666666667
2,1,0.6434
2,1,0.141933333333333
2,0,0.1146
2,0,0.279733333333333
2,1,0.7679
2,0,0.1216
2,1,0.663533333333333
2,0,0.3246
2,1,0.348666666666667
2,1,0.236133333333333
2,1,0.7644
2,0,0.0546666666666667
2,0,0.129133333333333
2,0,0.0470666666666667
2,0,0.162033333333333
2,0,0.0759
2,1,0.318333333333333
2,0,0.0340666666666667
2,0,0.015
2,0,0.219666666666667
2,1,0.120066666666667
2,0,0.0555666666666667
2,0,0.0262666666666667
2,1,0.319666666666667
2,0,0.306633333333333
2,0,0.332966666666667
2,0,0.200966666666667
2,0,0.2796
2,0,0.450766666666667
2,1,0.8185
2,0,0.00869999999999998
2,0,0.1766
2,0,0.1279
2,0,0.5258
2,0,0.0887666666666667
2,0,0.3037
2,0,0.208366666666667
2,1,0.698566666666667
2,1,0.8427
2,0,0.467366666666667
2,0,0.184433333333333
2,1,0.7683
2,1,0.681366666666667
2,0,0.485833333333333
2,0,0.182833333333333
2,1,0.724966666666667
2,1,0.3148
2,0,0.266966666666667
2,0,0.3204
2,1,0.413133333333333
2,0,0.5426
2,1,0.8621
2,1,0.830033333333333
2,0,0.413533333333333
2,0,0.373633333333333
2,0,0.230333333333333
2,1,0.5863
2,0,0.1712
2,1,0.0875666666666667
2,0,0.1023
2,1,0.6542
2,0,0.1849
2,0,0.6138
2,0,0.6472
2,0,0.2409
2,0,0.501033333333333
2,0,0.581766666666667
2,1,0.565366666666667
2,0,0.453066666666667
2,1,0.306133333333333
2,0,0.0583333333333333
2,0,0.437433333333333
2,1,0.541433333333333
2,1,0.614966666666667
2,0,0.0454
2,0,0.668333333333333
2,0,0.086
2,1,0.544833333333333
2,0,0.217766666666667
2,0,0.745666666666667
2,1,0.554266666666667
2,0,0.492366666666667
2,0,0.745766666666667
2,0,0.0128333333333333
2,1,0.815666666666667
2,1,0.136333333333333
2,0,0.578633333333333
2,1,0.7957
2,0,0.3116
2,0,0.135066666666667
2,0,0.230766666666667
2,1,0.613666666666666
2,1,0.520233333333333
2,0,0.0326333333333333
2,1,0.416933333333333
2,0,0.171266666666667
2,0,0.353933333333333
2,1,0.387166666666667
2,0,0.285
2,1,0.292933333333333
2,1,0.616566666666666
2,1,0.653066666666667
2,0,0.1335
2,1,0.324133333333333
2,1,0.1302
2,0,0.175866666666667
2,0,0.338766666666667
2,0,0.270033333333333
2,0,0.147966666666667
2,0,0.578733333333333
2,0,0.124866666666667
2,1,0.609366666666667
2,0,0.665266666666667
2,0,0.041
2,0,0.3828
2,0,0.766033333333333
2,1,0.7438
2,1,0.646166666666666
2,1,0.826666666666667
2,0,0.134833333333333
2,1,0.759233333333333
2,0,0.143666666666667
2,0,0.126133333333333
2,1,0.622
2,1,0.680966666666667
2,0,0.238533333333333
2,0,0.2035
2,0,0.228933333333333
2,0,0.286666666666667
2,0,0.454033333333333
2,0,0.129633333333333
2,0,0.204866666666667
2,0,0.765633333333333
2,0,0.130066666666667
2,1,0.6249
2,0,0.1493
2,0,0.1441
2,0,0.398633333333333
2,0,0.0726
2,0,0.4237
2,0,0.0301333333333333
2,0,0.0493333333333333
2,0,0.0555
2,0,0.0306333333333333
2,0,0.0675
2,0,0.00499999999999996
2,1,0.4683
2,0,0.150166666666667
2,0,0.0628666666666667
2,0,0.301533333333333
2,1,0.7334
2,0,0.166166666666667
2,1,0.371633333333333
2,0,0.0622
2,0,0.641866666666667
2,1,0.311933333333333
2,0,0.3971
2,0,0.2635
2,0,0.071
2,0,0.173433333333333
2,0,0.583533333333333
2,0,0.274133333333333
2,0,0.105133333333333
2,0,0.3184
2,0,0.1696
2,1,0.171466666666667
2,1,0.2442
2,0,0.114933333333333
2,0,0.1792
2,1,0.734933333333333
2,1,0.632966666666667
2,0,0.4998
2,0,0.2713
2,0,0.3279
2,0,0.233733333333333
2,0,0.1439
2,0,0.1943
2,0,0.0251
2,0,0.122933333333333
2,1,0.535866666666667
2,1,0.4844
2,0,0.375966666666667
2,0,0.1766
2,1,0.338366666666667
2,0,0.165433333333333
2,1,0.5796
2,1,0.628033333333333
2,0,0.2434
2,0,0.1269
2,0,0.211066666666667
2,0,0.2309
2,1,0.384066666666667
2,1,0.253433333333333
2,0,0.3437
2,0,0.4202
2,1,0.330666666666667
2,1,0.3631
2,0,0.292066666666667
2,1,0.323166666666667
2,1,0.815066666666667
2,0,0.0951333333333333
2,0,0.260833333333333
2,0,0.099
2,0,0.09
2,0,0.197366666666667
2,0,0.6279
2,0,0.444466666666667
2,0,0.366933333333333
2,1,0.754933333333333
2,1,0.6555
2,1,0.294866666666667
2,0,0.4382
2,0,0.4184
2,0,0.605733333333333
2,1,0.171233333333333
2,0,0.574666666666667
2,0,0.139533333333333
2,0,0.177433333333333
2,0,0.181166666666667
2,0,0.0816333333333333
2,1,0.2539
2,0,0.3134
2,0,0.5245
2,1,0.450033333333333
2,0,0.0723666666666667
2,0,0.235633333333333
2,1,0.601033333333333
2,0,0.208433333333333
2,0,0.0410666666666667
2,0,0.352266666666667
2,1,0.1906
2,0,0.448266666666667
2,0,0.431766666666667
2,0,0.2257
2,1,0.5551
2,1,0.581533333333333
2,1,0.4338
2,1,0.316066666666667
2,1,0.459533333333333
2,0,0.3804
2,0,0.323433333333333
2,1,0.786433333333333
2,1,0.763866666666667
2,0,0.4451
2,0,0.696766666666667
2,1,0.287133333333333
2,0,0.260666666666667
2,0,0.128
2,0,0.2262
2,0,0.102166666666667
2,0,0.359833333333333
2,1,0.433033333333333
2,0,0.220866666666667
2,1,0.143533333333333
2,0,0.242966666666667
2,1,0.3789
2,0,0.113766666666667
2,0,0.6543
2,1,0.591533333333333
2,1,0.626033333333333
2,0,0.3018
2,1,0.244866666666667
2,0,0.445866666666667
2,0,0.773466666666666
2,0,0.500233333333333
2,0,0.4776
2,0,0.367166666666667
2,1,0.475233333333333
2,1,0.476733333333333
2,1,0.429733333333333
2,0,0.320566666666667
2,1,0.571066666666667
2,0,0.5569
2,1,0.316
2,0,0.309233333333333
2,1,0.410066666666667
2,0,0.4394
2,0,0.135966666666667
2,0,0.2353
2,0,0.521266666666667
2,0,0.250566666666667
2,0,0.482733333333333
2,1,0.442833333333333
2,1,0.744866666666667
2,1,0.564066666666667
2,1,0.502466666666667
2,1,0.5921
2,0,0.454966666666667
2,0,0.2544
2,0,0.0799
2,0,0.680333333333333
2,1,0.314166666666667
2,0,0.285333333333333
2,0,0.5742
2,1,0.4622
2,0,0.603866666666667
2,0,0.470366666666666
2,0,0.0988
2,0,0.157433333333333
2,0,0.0913333333333333
2,0,0.158633333333333
2,0,0.2783
2,0,0.267266666666667
2,0,0.1894
2,0,0.2913
2,0,0.252266666666667
3,1,0.6299
3,1,0.747466666666667
3,0,0.631433333333333
3,0,0.1723
3,0,0.0792333333333333
3,0,0.0988
3,0,0.1194
3,0,0.0354
3,0,0.468233333333333
3,0,0.144766666666667
3,1,0.3878
3,0,0.130466666666667
3,1,0.216866666666667
3,1,0.662166666666667
3,1,0.3273
3,1,0.697133333333333
3,1,0.115433333333333
3,1,0.371
3,0,0.691433333333333
3,0,0.1465
3,0,0.195333333333333
3,1,0.424666666666667
3,0,0.0539666666666666
3,0,0.0699333333333333
3,0,0.597866666666667
3,0,0.370366666666667
3,0,0.334833333333333
3,1,0.7488
3,0,0.425666666666667
3,0,0.026
3,1,0.724633333333333
3,0,0.1402
3,0,0.218366666666667
3,1,0.7211
3,0,0.146266666666667
3,0,0.0885666666666667
3,1,0.544966666666667
3,0,0.250733333333333
3,0,0.233733333333333
3,0,0.487766666666667
3,0,0.1031
3,1,0.528166666666667
3,0,0.408066666666667
3,0,0.403266666666667
3,0,0.1068
3,0,0.3283
3,0,0.245133333333333
3,1,0.650933333333333
3,0,0.492166666666667
3,1,0.780266666666667
3,0,0.475233333333333
3,1,0.665766666666667
3,1,0.558366666666667
3,0,0.338133333333333
3,0,0.0297
3,0,0.2308
3,1,0.144166666666667
3,0,0.412766666666667
3,0,0.0873
3,0,0.169933333333333
3,0,0.253633333333333
3,0,0.238733333333333
3,0,0.288333333333333
3,1,0.161566666666667
3,0,0.0604666666666667
3,0,0.6377
3,0,0.0583
3,1,0.337366666666667
3,0,0.112033333333333
3,0,0.128266666666667
3,0,0.1476
3,0,0.0251666666666666
3,1,0.1429
3,0,0.165433333333333
3,1,0.112533333333333
3,0,0.347866666666667
3,0,0.137066666666667
3,0,0.3795
3,1,0.2102
3,1,0.4255
3,0,0.400266666666667
3,0,0.168366666666667
3,0,0.564466666666667
3,0,0.220166666666667
3,1,0.625433333333334
3,0,0.2039
3,1,0.711233333333333
3,0,0.1382
3,0,0.0931333333333333
3,0,0.183433333333333
3,0,0.297833333333333
3,1,0.824266666666667
3,0,0.476566666666667
3,1,0.655366666666667
3,1,0.166933333333333
3,0,0.0828666666666666
3,0,0.4099
3,1,0.6177
3,0,0.0079999999999999
3,0,0.1004
3,0,0.6606
3,0,0.660533333333333
3,0,0.0761333333333333
3,1,0.240766666666667
3,0,0.0472333333333333
3,0,0.0546666666666666
3,0,0.0908333333333333
3,0,0.0635
3,0,0.314133333333333
3,0,0.0940666666666667
3,0,0.1645
3,0,0.1357
3,0,0.516266666666667
3,1,0.686666666666667
3,0,0.202666666666667
3,0,0.0214666666666666
3,0,0.0148333333333332
3,0,0.4688
3,0,0.0145666666666666
3,1,0.381633333333333
3,0,0.0250333333333333
3,0,0.0647333333333333
3,0,0.3466
3,0,0.274066666666667
3,1,0.8082
3,0,0.320566666666667
3,1,0.7065
3,1,0.611
3,0,0.520866666666666
3,1,0.544533333333333
3,0,0.301
3,1,0.6461
3,0,0.230066666666667
3,1,0.411866666666667
3,1,0.565433333333333
3,1,0.703433333333333
3,1,0.490666666666667
3,1,0.608833333333333
3,0,0.333066666666667
3,0,0.605533333333333
3,0,0.0920333333333333
3,1,0.435566666666667
3,0,0.5327
3,0,0.561
3,1,0.544066666666667
3,1,0.620133333333333
3,0,0.463266666666667
3,1,0.5997
3,0,0.142866666666667
3,0,0.231366666666667
3,1,0.7225
3,0,0.152033333333333
3,0,0.868033333333333
3,1,0.369966666666667
3,0,0.0288
3,0,0.378066666666667
3,0,0.238233333333333
3,0,0.1308
3,0,0.3039
3,0,0.0777666666666667
3,0,0.0865
3,0,0.199366666666667
3,0,0.1823
3,0,0.180733333333333
3,1,0.262666666666667
3,0,0.559866666666667
3,0,0.5619
3,0,0.2841
3,0,0.0162666666666666
3,1,0.6411
3,0,0.2535
3,0,0.0610666666666667
3,0,0.7253
3,0,0.225
3,1,0.438733333333334
3,0,0.0434666666666666
3,1,0.440333333333333
3,0,0.2737
3,0,0.2642
3,0,0.127166666666667
3,1,0.6101
3,0,0.2305
3,0,0.1434
3,1,0.0679666666666666
3,1,0.440666666666667
3,1,0.613633333333334
3,1,0.59
3,1,0.678
3,1,0.5194
3,0,0.3054
3,1,0.6268
3,1,0.722966666666667
3,0,0.306066666666667
3,0,0.164666666666667
3,1,0.205133333333333
3,1,0.302566666666667
3,0,0.403266666666667
3,0,0.429433333333333
3,0,0.490633333333333
3,0,0.290933333333333
3,1,0.145133333333333
3,0,0.372666666666667
3,1,0.6765
3,1,0.1354
3,1,0.442233333333333
3,1,0.490766666666667
3,1,0.457133333333333
3,1,0.377166666666667
3,0,0.105533333333333
3,0,0.1816
3,0,0.222066666666667
3,1,0.656166666666667
3,0,0.3418
3,0,0.153366666666667
3,1,0.402533333333333
3,0,0.1036
3,0,0.177766666666667
3,0,0.0594333333333333
3,0,0.143366666666667
3,1,0.394766666666667
3,1,0.685833333333333
3,0,0.403033333333333
3,0,0.3603
3,0,0.0897
3,0,0.2016
3,0,0.663366666666667
3,0,0.0695666666666666
3,0,0.0712666666666666
3,0,0.2021
3,0,0.339633333333333
3,0,0.1533
3,0,0.3364
3,0,0.286766666666667
3,0,0.433
3,0,0.104733333333333
3,1,0.378533333333333
3,0,0.307666666666667
3,1,0.226966666666667
3,0,0.463033333333333
3,1,0.567933333333333
3,0,0.300366666666667
3,1,0.251766666666667
3,0,0.1544
3,0,0.510966666666667
3,0,0.131633333333333
3,0,0.0761333333333333
3,0,0.335466666666667
3,0,0.0535666666666667
3,0,0.277033333333333
3,0,0.261166666666667
3,1,0.3648
3,0,0.174733333333333
3,0,0.365366666666667
3,1,0.410133333333333
3,0,0.4451
3,1,0.600633333333333
3,0,0.7491
3,1,0.7063
3,0,0.0330666666666666
3,1,0.649066666666667
3,0,0.255933333333333
3,1,0.1905
3,0,0.1703
3,0,0.223166666666667
3,0,0.242033333333333
3,0,0.534066666666667
3,0,0.2451
3,0,0.543733333333333
3,0,0.444266666666667
3,1,0.742666666666666
3,1,0.6165
3,0,0.195466666666667
3,0,0.3985
3,0,0.129
3,1,0.8273
3,1,0.487666666666667
3,1,0.175733333333333
3,0,0.205033333333333
3,0,0.555733333333333
3,1,0.624766666666667
3,0,0.720633333333333
3,1,0.236533333333333
3,1,0.423366666666667
3,0,0.417533333333333
3,0,0.174166666666667
3,1,0.629
3,1,0.0253
3,0,0.0764666666666667
3,0,0.0787
3,1,0.338233333333333
3,0,0.0796666666666667
3,0,0.2887
3,0,0.312566666666667
3,1,0.5602
3,0,0.591433333333333
3,1,0.419066666666667
3,0,0.121966666666667
3,0,0.4623
3,1,0.334966666666667
3,0,0.112466666666667
3,0,0.183366666666667
3,0,0.220833333333333
3,0,0.136833333333333
3,0,0.547833333333333
3,0,0.376266666666667
3,1,0.145733333333333
3,0,0.273133333333333
3,0,0.363966666666667
3,0,0.4379
3,0,0.418566666666667
3,1,0.345
3,0,0.00399999999999993
3,0,0.0569333333333333
3,0,0.487533333333333
3,1,0.497366666666667
3,0,0.293966666666667
3,0,0.608766666666667
3,0,0.5762
3,1,0.257166666666667
3,1,0.6464
3,0,0.101833333333333
3,0,0.0300666666666666
3,0,0.3402
3,0,0.0742333333333333
3,0,0.231333333333333
3,0,0.1314
3,1,0.558266666666667
3,0,0.6924
3,0,0.369
3,0,0.7201
3,1,0.343466666666667
3,1,0.4748
3,0,0.588266666666666
3,1,0.354133333333334
3,1,0.666
3,1,0.244433333333333
3,1,0.483333333333333
3,1,0.4086
3,1,0.236566666666667
3,0,0.420733333333334
3,0,0.106833333333333
3,1,0.242933333333333
3,0,0.227566666666667
3,0,0.169166666666667
3,1,0.3952
3,1,0.328266666666667
3,1,0.167466666666667
3,1,0.683633333333333
3,0,0.1657
3,1,0.6578
3,1,0.670333333333333
3,0,0.166933333333333
3,1,0.558166666666667
3,1,0.521533333333333
3,0,0.474866666666667
3,0,0.503366666666667
3,0,0.624833333333333
3,1,0.589666666666667
3,0,0.4273
3,0,0.271866666666667
3,1,0.392466666666667
3,0,0.562966666666667
3,0,0.261233333333333
3,1,0.158166666666667
3,0,0.182666666666667
3,0,0.520166666666667
3,1,0.5499
3,1,0.195633333333333
3,0,0.307433333333334
3,1,0.472766666666667
3,1,0.510466666666667
3,1,0.3383
3,0,0.6676
3,0,0.396066666666667
3,0,0.381166666666667
3,1,0.310133333333333
3,0,0.199266666666667
3,1,0.4332
3,1,0.389466666666667
3,0,0.219833333333333
3,1,0.3367
3,1,0.742
3,0,0.3348
3,1,0.498033333333333
3,0,0.133533333333333
3,1,0.4544
3,1,0.416466666666667
3,1,0.4592
3,1,0.155533333333333
3,0,0.302033333333333
3,0,0.253733333333333
3,1,0.3721
3,1,0.2555
3,0,0.349466666666667
3,0,0.3823
3,0,0.052
3,1,0.679666666666667
3,0,0.115866666666667
3,0,0.2153
3,1,0.361033333333333
3,1,0.806433333333333
3,0,0.3542
3,1,0.488366666666667
3,1,0.5206
3,0,0.2049
3,1,0.4875
4,0,0.0337333333333333
4,0,0.3694
4,1,0.0772333333333333
4,0,0.0405666666666667
4,1,0.259833333333333
4,0,0.302533333333333
4,0,0.0116333333333333
4,1,0.212333333333333
4,0,0.671733333333334
4,0,0.1551
4,1,0.6134
4,0,0.163633333333333
4,0,0.016
4,1,0.0763666666666667
4,0,0.1014
4,0,0.0745
4,0,0.0867666666666667
4,0,0.289766666666667
4,1,0.5399
4,0,0.1257
4,1,0.312666666666667
4,0,0.009
4,1,0.712066666666667
4,0,0.111
4,0,0.115266666666667
4,0,0.102133333333333
4,0,0.173333333333333
4,1,0.326466666666667
4,0,0.207366666666667
4,1,0.408166666666667
4,0,0.2414
4,0,0.0525666666666667
4,1,0.804933333333333
4,0,0.672033333333333
4,0,0.553233333333333
4,1,0.1702
4,0,0.570033333333333
4,1,0.6178
4,0,0.0434666666666667
4,0,0.166466666666667
4,0,0.2849
4,0,0.511333333333333
4,1,0.655633333333333
4,0,0.255733333333333
4,0,0.0843
4,0,0.175666666666667
4,0,0.129433333333333
4,1,0.347
4,0,0.1189
4,0,0.1695
4,0,0.307633333333333
4,0,0.121466666666667
4,0,0.438
4,0,0.354566666666667
4,0,0.561566666666667
4,0,0.251533333333333
4,0,0.0756333333333333
4,0,0.0591666666666667
4,0,0.155766666666667
4,0,0.2264
4,1,0.558333333333333
4,0,0.228466666666667
4,1,0.359366666666667
4,0,0.5451
4,0,0.4748
4,0,0.1098
4,1,0.6051
4,0,0.5309
4,0,0.2498
4,0,0.242466666666667
4,0,0.097
4,0,0.108866666666667
4,0,0.158033333333333
4,1,0.713266666666666
4,0,0.0770666666666666
4,0,0.140833333333333
4,1,0.796266666666667
4,1,0.4229
4,0,0.107733333333333
4,0,0.0503
4,1,0.0791333333333333
4,0,0.0809666666666667
4,0,0.257166666666667
4,1,0.606833333333333
4,0,0.3014
4,0,0.545666666666667
4,0,0.0529
4,0,0.1446
4,0,0.212966666666667
4,0,0.360433333333333
4,1,0.3831
4,0,0.574433333333333
4,1,0.492366666666667
4,0,0.3839
4,0,0.121433333333333
4,1,0.186066666666667
4,0,0.1204
4,1,0.5092
4,1,0.6237
4,0,0.0892
4,0,0.180866666666667
4,0,0.5193
4,1,0.559766666666667
4,0,0.3595
4,1,0.393633333333333
4,0,0.207166666666667
4,0,0.0572
4,0,0.2473
4,0,0.0343666666666667
4,1,0.627933333333333
4,1,0.649033333333333
4,0,0.0761666666666667
4,0,0.155566666666667
4,0,0.0102333333333333
4,0,0.254266666666667
4,0,0.558833333333334
4,0,0.1841
4,0,0.0966
4,0,0.2236
4,0,0.464966666666667
4,0,0.145933333333333
4,0,0.2437
4,0,0.200533333333333
4,0,0.0660666666666667
4,1,0.595866666666667
4,0,0.2651
4,1,0.0751666666666667
4,0,0.119133333333333
4,0,0.4488
4,0,0.290366666666667
4,0,0.0988
4,1,0.340966666666667
4,0,0.0275
4,0,0.0145
4,0,0.1859
4,0,0.1125
4,1,0.622133333333333
4,1,0.7673
4,1,0.580466666666667
4,0,0.380766666666667
4,0,0.6731
4,1,0.580666666666667
4,0,0.341133333333333
4,1,0.679033333333333
4,1,0.652866666666667
4,0,0.2139
4,0,0.2276
4,1,0.2796
4,0,0.0420666666666667
4,1,0.362666666666667
4,1,0.487666666666667
4,1,0.5427
4,0,0.4936
4,0,0.2409
4,1,0.429333333333333
4,0,0.353566666666667
4,0,0.698366666666667
4,0,0.00683333333333333
4,0,0.716433333333333
4,1,0.648133333333334
4,1,0.402533333333333
4,0,0.344633333333333
4,0,0.629333333333333
4,1,0.664966666666667
4,1,0.3658
4,1,0.0866
4,1,0.599733333333333
4,1,0.3269
4,0,0.6756
4,0,0.181766666666667
4,1,0.239266666666667
4,0,0.1336
4,0,0.172966666666667
4,1,0.474766666666667
4,1,0.548166666666667
4,0,0.738
4,0,0.2079
4,1,0.671133333333333
4,0,0.2844
4,0,0.1459
4,0,0.0928666666666667
4,0,0.214166666666667
4,1,0.3245
4,0,0.372533333333333
4,0,0.732433333333333
4,0,0.309333333333333
4,1,0.5625
4,1,0.537733333333333
4,0,0.0830666666666667
4,1,0.253066666666667
4,0,0.146266666666667
4,1,0.647866666666667
4,0,0.365866666666667
4,1,0.187866666666667
4,1,0.777333333333333
4,1,0.253166666666667
4,0,0.247833333333333
4,1,0.123133333333333
4,0,0.412766666666667
4,0,0.6771
4,0,0.5342
4,1,0.4008
4,0,0.546433333333333
4,1,0.679
4,1,0.684866666666667
4,0,0.311666666666667
4,0,0.1362
4,0,0.141366666666667
4,0,0.142533333333333
4,0,0.0615333333333333
4,0,0.340766666666667
4,1,0.736333333333333
4,0,0.542866666666667
4,0,0.356833333333333
4,0,0.0773
4,1,0.628266666666667
4,0,0.165733333333333
4,1,0.6598
4,1,0.607666666666667
4,0,0.175433333333333
4,0,0.0439
4,1,0.393866666666667
4,1,0.4292
4,0,0.0739
4,0,0.168166666666667
4,0,0.1658
4,0,0.105966666666667
4,0,0.0693666666666667
4,0,0.0288333333333333
4,0,0.174133333333333
4,0,0.3307
4,0,0.0273
4,1,0.478466666666667
4,0,0.464466666666667
4,1,0.5385
4,0,0.186433333333333
4,0,0.436766666666667
4,0,0.0292333333333333
4,0,0.239633333333333
4,1,0.460266666666667
4,0,0.123266666666667
4,1,0.248733333333333
4,0,0.2249
4,0,0.217033333333333
4,0,0.2913
4,0,0.1214
4,0,0.0203666666666667
4,0,0.2974
4,0,0.0217
4,1,0.887066666666667
4,0,0.5277
4,0,0.3983
4,1,0.703533333333333
4,1,0.700766666666667
4,0,0.2373
4,1,0.503733333333333
4,0,0.164466666666667
4,0,0.350066666666667
4,0,0.4432
4,1,0.5462
4,0,0.112033333333333
4,1,0.750433333333333
4,0,0.1539
4,1,0.3811
4,0,0.531666666666667
4,0,0.316333333333333
4,1,0.391466666666667
4,1,0.353133333333333
4,0,0.228166666666667
4,0,0.0535666666666667
4,0,0.0274333333333333
4,1,0.544333333333333
4,0,0.332333333333333
4,1,0.651966666666666
4,1,0.727333333333333
4,0,0.042
4,0,0.0361666666666667
4,0,0.530533333333333
4,1,0.795533333333334
4,1,0.4409
4,0,0.2636
4,0,0.0761333333333333
4,1,0.711066666666667
4,0,0.519966666666667
4,0,0.140933333333333
4,0,0.6014
4,1,0.5934
4,0,0.0440333333333333
4,1,0.328966666666667
4,0,0.182433333333333
4,0,0.139366666666667
4,0,0.243333333333333
4,0,0.129166666666667
4,0,0.161366666666667
4,0,0.3777
4,1,0.393433333333333
4,0,0.481
4,0,0.0599
4,1,0.148833333333333
4,1,0.342166666666667
4,1,0.5216
4,1,0.758833333333333
4,0,0.469766666666667
4,0,0.273933333333333
4,1,0.451566666666667
4,1,0.263933333333333
4,0,0.375833333333333
4,1,0.505866666666667
4,0,0.0798666666666667
4,0,0.0879
4,0,0.0329
4,0,0.0498666666666667
4,0,0.263533333333333
4,1,0.471233333333333
4,0,0.0134
4,0,0.223366666666667
4,0,0.0666666666666667
4,0,0.248166666666667
4,0,0.2313
4,0,0.2459
4,1,0.605466666666667
4,1,0.0249333333333333
4,1,0.441933333333333
4,0,0.0552333333333333
4,0,0.354566666666667
4,1,0.728933333333334
4,0,0.722266666666667
4,0,0.4517
4,1,0.689933333333333
4,0,0.0184
4,1,0.5645
4,0,0.488066666666667
4,0,0.308333333333333
4,1,0.6481
4,0,0.129166666666667
4,0,0.167333333333333
4,0,0.00676666666666667
4,0,0.387066666666667
4,1,0.0625333333333333
4,1,0.293233333333333
4,0,0.3922
4,0,0.3021
4,0,0.290433333333333
4,0,0.384033333333333
4,0,0.168933333333333
4,1,0.581833333333333
4,0,0.586033333333333
4,0,0.479033333333334
4,0,0.641733333333333
4,0,0.123066666666667
4,1,0.294133333333333
4,0,0.348033333333333
4,0,0.244533333333333
4,0,0.767233333333333
4,0,0.560033333333333
4,0,0.666766666666667
4,1,0.742
4,0,0.266433333333333
4,0,0.320066666666667
4,0,0.3768
4,1,0.491466666666667
4,1,0.356466666666667
4,0,0.0582333333333333
4,1,0.725733333333333
4,1,0.7454
4,0,0.580533333333334
4,1,0.695466666666667
4,0,0.328866666666667
4,0,0.0919333333333334
4,1,0.685733333333334
4,0,0.450633333333333
4,1,0.7504
4,0,0.439
4,1,0.5467
4,0,0.471133333333334
4,0,0.511
4,0,0.504133333333333
4,1,0.169533333333333
4,1,0.477866666666667
4,1,0.452666666666666
4,0,0.367566666666667
4,0,0.4695
4,0,0.322233333333333
4,0,0.461066666666667
4,0,0.301933333333333
4,0,0.375433333333333
4,0,0.330933333333333
4,0,0.446233333333333
4,1,0.301966666666667
4,0,0.397
4,1,0.5864
4,1,0.646966666666667
4,0,0.533433333333333
4,1,0.6666
4,0,0.478433333333333
4,0,0.322966666666667
4,1,0.482033333333333
4,0,0.1138
4,1,0.464533333333333
4,0,0.036
4,1,0.462433333333333
4,0,0.388866666666667
4,1,0.1062
4,1,0.621766666666667
4,1,0.440566666666667
4,1,0.6686
5,0,0.6689
5,0,0.0796666666666667
5,0,0.0420999999999999
5,0,0.0464999999999999
5,0,0.164233333333333
5,1,0.6602
5,1,0.347333333333333
5,0,0.1753
5,1,0.4092
5,1,0.4205
5,0,0.0684333333333333
5,1,0.796266666666667
5,0,0.395466666666667
5,0,0.2941
5,0,0.178866666666667
5,0,0.161166666666667
5,0,0.302133333333333
5,0,0.176833333333333
5,0,0.403066666666667
5,0,0.222233333333333
5,0,0.0681
5,1,0.653166666666667
5,0,0.0587333333333333
5,0,0.242066666666667
5,0,0.0925
5,0,0.213466666666667
5,0,0.174733333333333
5,0,0.0914666666666667
5,0,0.1896
5,0,0.397333333333333
5,0,0.7161
5,1,0.5065
5,1,0.7239
5,1,0.658333333333333
5,0,0.241666666666667
5,0,0.117033333333333
5,1,0.740633333333333
5,1,0.244366666666667
5,1,0.403566666666667
5,0,0.1763
5,0,0.3537
5,1,0.158166666666667
5,0,0.1369
5,0,0.0621666666666667
5,0,0.0694
5,0,0.207366666666667
5,0,0.281633333333333
5,0,0.1136
5,0,0.453766666666667
5,1,0.721666666666667
5,1,0.502766666666667
5,1,0.7024
5,0,0.0750666666666666
5,0,0.0071666666666666
5,1,0.261333333333333
5,0,0.0281999999999999
5,1,0.6063
5,0,0.1568
5,0,0.103333333333333
5,1,0.3964
5,0,0.393133333333333
5,0,0.0905333333333333
5,0,0.0757666666666666
5,1,0.6278
5,0,0.00896666666666657
5,0,0.0952666666666667
5,0,0.297166666666667
5,1,0.683533333333333
5,1,0.661066666666667
5,0,0.3031
5,0,0.246933333333333
5,0,0.372466666666667
5,0,0.468866666666667
5,0,0.0807
5,1,0.258
5,1,0.6703
5,0,0.102066666666667
5,0,0.205933333333333
5,0,0.164766666666667
5,0,0.189233333333333
5,0,0.104033333333333
5,0,0.189333333333333
5,0,0.514733333333333
5,0,0.256733333333333
5,0,0.2294
5,1,0.821133333333333
5,0,0.271733333333333
5,1,0.704733333333334
5,0,0.280033333333333
5,0,0.3506
5,0,0.285633333333333
5,1,0.645033333333334
5,0,0.137233333333333
5,1,0.0264333333333333
5,0,0.100233333333333
5,0,0.565166666666667
5,0,0.0730666666666667
5,0,0.0254999999999999
5,0,0.1457
5,0,0.00666666666666657
5,0,0.0711333333333333
5,0,0.190433333333333
5,0,0.3307
5,0,0.117766666666667
5,0,0.142466666666667
5,0,0.4432
5,1,0.8583
5,1,0.664466666666667
5,1,0.849733333333333
5,1,0.719266666666667
5,1,0.3447
5,0,0.6996
5,1,0.544966666666667
5,1,0.313333333333333
5,0,0.305633333333333
5,0,0.511966666666667
5,0,0.318166666666667
5,0,0.6654
5,1,0.4726
5,0,0.281033333333333
5,1,0.681633333333333
5,0,0.281866666666667
5,0,0.376066666666667
5,0,0.323433333333333
5,1,0.542366666666667
5,0,0.284933333333333
5,0,0.0458666666666666
5,0,0.537533333333333
5,0,0.0926333333333333
5,1,0.7563
5,0,0.321
5,0,0.0610333333333333
5,1,0.762833333333333
5,1,0.2423
5,0,0.110033333333333
5,1,0.644833333333333
5,0,0.475533333333333
5,0,0.219033333333333
5,0,0.1343
5,0,0.3106
5,1,0.3672
5,0,0.386666666666667
5,0,0.290366666666667
5,0,0.453466666666667
5,0,0.347933333333333
5,0,0.167133333333333
5,0,0.205333333333333
5,0,0.0891
5,0,0.1938
5,1,0.602666666666667
5,0,0.7767
5,0,0.3775
5,1,0.701933333333333
5,1,0.4554
5,1,0.610433333333333
5,0,0.395033333333333
5,1,0.1842
5,0,0.1325
5,1,0.799033333333333
5,0,0.1824
5,0,0.0524666666666666
5,1,0.2036
5,0,0.0152333333333333
5,1,0.1939
5,0,0.5758
5,0,0.134266666666667
5,0,0.395666666666666
5,0,0.0386666666666666
5,0,0.203133333333333
5,0,0.314833333333333
5,0,0.0793333333333334
5,0,0.156266666666667
5,0,0.387366666666667
5,0,0.0781666666666666
5,0,0.398533333333333
5,0,0.115866666666667
5,0,0.150066666666667
5,1,0.728066666666667
5,1,0.787533333333333
5,0,0.371766666666667
5,1,0.712566666666667
5,1,0.6776
5,0,0.3441
5,0,0.776133333333333
5,1,0.6531
5,0,0.632266666666667
5,1,0.401433333333333
5,0,0.521566666666667
5,1,0.286466666666667
5,0,0.240533333333333
5,1,0.560933333333334
5,0,0.4935
5,1,0.456533333333333
5,0,0.470233333333333
5,1,0.524233333333333
5,1,0.382333333333333
5,1,0.712
5,0,0.0857666666666667
5,0,0.442033333333333
5,1,0.383366666666667
5,0,0.248166666666667
5,1,0.390433333333333
5,1,0.3765
5,0,0.0665666666666666
5,0,0.274866666666667
5,1,0.680466666666667
5,0,0.225066666666667
5,0,0.181133333333333
5,0,0.0334666666666666
5,0,0.0351333333333333
5,0,0.078
5,1,0.660566666666667
5,0,0.1726
5,0,0.140533333333333
5,0,0.0685666666666667
5,1,0.611766666666667
5,0,0.136366666666667
5,1,0.0921
5,0,0.0717333333333333
5,0,0.0538
5,0,0.391066666666667
5,0,0.3171
5,0,0.434433333333333
5,0,0.218
5,0,0.114033333333333
5,0,0.226366666666667
5,0,0.402733333333333
5,0,0.488
5,0,0.0189666666666666
5,0,0.0627
5,1,0.291866666666667
5,0,0.242966666666667
5,0,0.413733333333333
5,0,0.5507
5,0,0.173833333333333
5,0,0.0707
5,0,0.353433333333333
5,0,0.3398
5,0,0.2205
5,0,0.0354666666666666
5,1,0.4257
5,0,0.208833333333333
5,1,0.7261
5,0,0.5504
5,0,0.1346
5,0,0.219766666666667
5,0,0.0885333333333333
5,1,0.495733333333333
5,0,0.745366666666666
5,0,0.3386
5,1,0.474766666666667
5,0,0.348233333333333
5,0,0.176066666666667
5,0,0.157266666666667
5,0,0.6947
5,0,0.136933333333333
5,1,0.223266666666667
5,0,0.752833333333333
5,0,0.233133333333333
5,0,0.0383333333333333
5,0,0.107233333333333
5,0,0.278866666666667
5,0,0.0230666666666666
5,0,0.0950666666666667
5,0,0.335466666666667
5,0,0.1238
5,0,0.256166666666667
5,1,0.317566666666667
5,0,0.301466666666667
5,0,0.297433333333333
5,0,0.3783
5,1,0.7737
5,1,0.543733333333333
5,0,0.530033333333333
5,1,0.219566666666667
5,1,0.532033333333333
5,0,0.200033333333333
5,1,0.840233333333333
5,1,0.4507
5,1,0.588133333333334
5,0,0.200766666666667
5,1,0.3728
5,0,0.318233333333333
5,1,0.569866666666667
5,0,0.370633333333333
5,0,0.304666666666667
5,0,0.568466666666667
5,1,0.7628
5,1,0.575066666666667
5,0,0.367433333333333
5,1,0.193233333333333
5,0,0.220266666666667
5,0,0.0158333333333333
5,1,0.524966666666667
5,0,0.404433333333333
5,0,0.655966666666667
5,1,0.532066666666666
5,0,0.297966666666667
5,0,0.254233333333333
5,1,0.252733333333333
5,0,0.2415
5,0,0.330933333333333
5,0,0.1673
5,0,0.137
5,0,0.259833333333333
5,0,0.203066666666667
5,0,0.0844666666666667
5,1,0.2411
5,0,0.113066666666667
5,0,0.425533333333333
5,1,0.398
5,1,0.402266666666667
5,0,0.389366666666667
5,0,0.226366666666667
5,0,0.451466666666667
5,0,0.1485
5,0,0.560066666666667
5,1,0.374833333333333
5,0,0.691066666666666
5,0,0.3757
5,0,0.441266666666666
5,0,0.704433333333333
5,1,0.350066666666667
5,0,0.268033333333333
5,1,0.309366666666667
5,0,0.15
5,1,0.2435
5,0,0.634033333333334
5,1,0.398366666666667
5,0,0.617166666666667
5,0,0.568133333333333
5,0,0.3488
5,0,0.136766666666667
5,0,0.217166666666667
5,0,0.521066666666667
5,0,0.351766666666667
5,0,0.295
5,0,0.137733333333333
5,1,0.3085
5,1,0.442
5,1,0.244766666666667
5,0,0.4446
5,0,0.323066666666667
5,1,0.3554
5,0,0.3429
5,0,0.350133333333333
5,0,0.300733333333333
5,0,0.229533333333333
5,0,0.271366666666667
5,1,0.4608
5,0,0.483433333333333
5,1,0.466133333333333
5,0,0.237866666666667
5,0,0.497466666666667
5,0,0.5847
5,0,0.3542
5,1,0.408733333333334
5,0,0.3995
5,0,0.326433333333333
5,1,0.167233333333333
5,1,0.729533333333334
5,1,0.700766666666667
5,1,0.5064
5,0,0.150033333333333
5,0,0.4518
5,0,0.4299
5,1,0.5515
5,0,0.4591
5,0,0.3043
5,0,0.173066666666667
5,1,0.643466666666667
5,1,0.5979
5,0,0.308066666666667
5,0,0.247166666666667
5,0,0.682
5,0,0.586466666666667
5,0,0.662566666666666
5,0,0.372366666666667
5,1,0.338466666666667
5,0,0.713
5,0,0.470066666666667
5,0,0.3338
5,0,0.306966666666667
5,0,0.289066666666667
5,0,0.172366666666667
5,1,0.573033333333333
5,1,0.316833333333333
5,1,0.461833333333333
5,1,0.294466666666667
5,1,0.643133333333333
5,0,0.4427
5,1,0.570833333333334
5,0,0.0561333333333333
5,1,0.195033333333333
5,1,0.496166666666667
5,0,0.0922333333333333
5,1,0.5161
5,0,0.174133333333333
5,0,0.0291333333333333
5,0,0.175333333333333
5,1,0.273433333333333
5,0,0.259233333333333
5,1,0.1688
5,1,0.7795
5,1,0.6733
5,0,0.7611
6,0,0.626466666666667
6,0,0.0498666666666666
6,1,0.4329
6,0,0.0367333333333333
6,0,0.101033333333333
6,1,0.714533333333333
6,1,0.729566666666666
6,1,0.269733333333333
6,0,0.0780333333333333
6,0,0.414333333333333
6,0,0.205533333333333
6,0,0.240433333333333
6,0,0.263366666666667
6,1,0.685566666666667
6,0,0.177066666666667
6,0,0.196733333333333
6,1,0.589866666666667
6,1,0.7613
6,1,0.820166666666666
6,1,0.511366666666667
6,0,0.0853666666666666
6,0,0.529133333333333
6,1,0.565433333333333
6,0,0.1306
6,1,0.5358
6,0,0.326366666666667
6,0,0.0373
6,1,0.244533333333333
6,0,0.0393666666666667
6,0,0.0264333333333333
6,0,0.0852666666666667
6,1,0.624133333333333
6,1,0.351133333333333
6,0,0.0885333333333333
6,1,0.250366666666667
6,0,0.0571333333333333
6,1,0.706566666666667
6,1,0.626733333333333
6,0,0.286366666666667
6,1,0.486
6,1,0.7094
6,1,0.377733333333333
6,1,0.624833333333333
6,1,0.6644
6,0,0.190566666666667
6,0,0.338433333333333
6,1,0.5476
6,0,0.3924
6,0,0.411866666666667
6,0,0.1439
6,0,0.394733333333333
6,0,0.387066666666667
6,0,0.453566666666667
6,1,0.646033333333333
6,0,0.478533333333333
6,0,0.431433333333333
6,0,0.270833333333333
6,0,0.289366666666667
6,1,0.572433333333333
6,1,0.4375
6,0,0.379866666666667
6,0,0.0619666666666666
6,0,0.0563
6,0,0.0619
6,0,0.0528
6,0,0.0248999999999999
6,0,0.131566666666667
6,1,0.326233333333333
6,0,0.198633333333333
6,1,0.1288
6,0,0.1803
6,0,0.2214
6,0,0.116866666666667
6,1,0.3565
6,1,0.550266666666667
6,1,0.457233333333333
6,0,0.0273999999999999
6,0,0.270466666666667
6,0,0.282133333333333
6,0,0.0398333333333333
6,0,0.452666666666667
6,0,0.558566666666667
6,0,0.327733333333333
6,1,0.538566666666667
6,0,0.199033333333333
6,0,0.359933333333333
6,0,0.0874
6,0,0.426633333333333
6,0,0.1345
6,1,0.6995
6,0,0.630533333333333
6,0,0.3419
6,1,0.4038
6,0,0.240066666666667
6,1,0.5931
6,0,0.251066666666667
6,0,0.214466666666667
6,0,0.563733333333333
6,1,0.667733333333334
6,0,0.469766666666667
6,0,0.1398
6,0,0.0168999999999999
6,0,0.0554666666666667
6,0,0.152933333333333
6,0,0.0751333333333333
6,1,0.414633333333333
6,0,0.0201666666666666
6,0,0.111633333333333
6,0,0.0426
6,0,0.489533333333333
6,0,0.0131999999999999
6,0,0.0449
6,0,0.0299333333333333
6,0,0.0623666666666666
6,0,0.128433333333333
6,0,0.0624666666666666
6,0,0.1385
6,0,0.229166666666667
6,0,0.8034
6,0,0.280233333333333
6,0,0.336766666666667
6,0,0.540033333333333
6,0,0.240566666666667
6,0,0.175366666666667
6,1,0.5904
6,0,0.809666666666667
6,1,0.610866666666667
6,0,0.3296
6,1,0.4275
6,0,0.1112
6,0,0.254733333333333
6,0,0.3777
6,1,0.4251
6,1,0.487333333333333
6,1,0.8601
6,1,0.6572
6,0,0.4597
6,0,0.289233333333333
6,0,0.275733333333333
6,0,0.224833333333333
6,1,0.2558
6,1,0.438733333333333
6,0,0.1664
6,0,0.652433333333334
6,1,0.504466666666667
6,0,0.196066666666667
6,1,0.404333333333333
6,1,0.496666666666667
6,0,0.189566666666667
6,0,0.181533333333333
6,0,0.0494333333333333
6,1,0.712133333333333
6,0,0.484266666666666
6,0,0.184866666666667
6,0,0.164133333333333
6,1,0.486566666666666
6,0,0.2978
6,1,0.620233333333333
6,1,0.7516
6,1,0.811933333333333
6,1,0.3619
6,1,0.6506
6,0,0.284366666666667
6,0,0.263133333333333
6,0,0.477266666666667
6,0,0.1967
6,0,0.0856666666666667
6,1,0.371566666666667
6,0,0.299133333333333
6,1,0.6138
6,1,0.646466666666667
6,0,0.609933333333333
6,0,0.3977
6,0,0.115866666666667
6,0,0.589733333333333
6,0,0.2834
6,0,0.2052
6,0,0.251266666666667
6,1,0.6453
6,0,0.478066666666667
6,1,0.773466666666667
6,1,0.196333333333333
6,0,0.131033333333333
6,1,0.5385
6,0,0.5511
6,0,0.182466666666667
6,0,0.374733333333333
6,1,0.705166666666667
6,1,0.425333333333333
6,0,0.7052
6,0,0.152033333333333
6,1,0.380666666666667
6,1,0.358066666666667
6,0,0.381766666666667
6,0,0.182533333333333
6,0,0.3583
6,1,0.520166666666667
6,0,0.513966666666667
6,1,0.5827
6,0,0.1564
6,0,0.2157
6,0,0.413666666666667
6,0,0.2013
6,0,0.178
6,0,0.0688
6,0,0.182033333333333
6,0,0.2994
6,0,0.115833333333333
6,1,0.339466666666667
6,0,0.3287
6,1,0.372233333333333
6,1,0.147833333333333
6,0,0.151533333333333
6,0,0.0525333333333333
6,0,0.171666666666667
6,0,0.182666666666667
6,1,0.338666666666667
6,1,0.267033333333333
6,0,0.264433333333333
6,0,0.102733333333333
6,0,0.2283
6,0,0.186866666666667
6,0,0.106466666666667
6,1,0.548966666666667
6,0,0.214666666666667
6,0,0.172566666666667
6,0,0.481033333333333
6,0,0.0200666666666666
6,0,0.1405
6,0,0.379433333333333
6,0,0.337666666666667
6,0,0.0243666666666666
6,0,0.0719666666666667
6,0,0.112933333333333
6,0,0.1953
6,0,0.314766666666667
6,0,0.151266666666667
6,0,0.542466666666667
6,0,0.150166666666667
6,1,0.268533333333333
6,0,0.1577
6,0,0.231133333333333
6,0,0.395666666666667
6,0,0.0943333333333333
6,0,0.180666666666667
6,1,0.656466666666667
6,0,0.172766666666667
6,1,0.170133333333333
6,0,0.216166666666667
6,0,0.110866666666667
6,0,0.237966666666667
6,0,0.244933333333333
6,0,0.1879
6,0,0.0346333333333333
6,0,0.0956333333333333
6,0,0.0705333333333333
6,0,0.462633333333333
6,1,0.262466666666667
6,0,0.353733333333333
6,1,0.259266666666667
6,0,0.187966666666667
6,0,0.203166666666667
6,0,0.063
6,1,0.284033333333333
6,1,0.528
6,0,0.146933333333333
6,1,0.576433333333333
6,0,0.268533333333333
6,0,0.0978666666666667
6,0,0.237333333333333
6,0,0.2935
6,0,0.5792
6,0,0.282
6,0,0.180933333333333
6,0,0.442533333333333
6,0,0.262766666666667
6,0,0.185433333333333
6,0,0.6686
6,0,0.3928
6,0,0.570933333333334
6,1,0.598033333333333
6,0,0.3579
6,1,0.7385
6,0,0.440633333333333
6,0,0.1971
6,0,0.3928
6,0,0.0514333333333333
6,0,0.0284
6,0,0.234466666666667
6,0,0.275366666666667
6,0,0.159166666666667
6,0,0.0985
6,0,0.5536
6,1,0.590366666666667
6,1,0.604866666666666
6,1,0.383766666666667
6,1,0.601266666666667
6,1,0.335566666666667
6,0,0.2472
6,0,0.334233333333333
6,0,0.1718
6,0,0.686866666666667
6,0,0.414033333333333
6,1,0.594533333333333
6,0,0.484533333333333
6,0,0.223266666666667
6,0,0.2601
6,0,0.161333333333333
6,1,0.486866666666667
6,0,0.0938
6,0,0.130066666666667
6,1,0.2619
6,0,0.1777
6,1,0.200033333333333
6,0,0.0707
6,0,0.1302
6,1,0.128033333333333
6,0,0.101466666666667
6,0,0.128033333333333
6,1,0.486333333333333
6,0,0.0851
6,0,0.1211
6,0,0.173533333333333
6,1,0.186133333333333
6,0,0.4561
6,0,0.443533333333333
6,0,0.166633333333333
6,1,0.4181
6,1,0.101766666666667
6,1,0.2918
6,0,0.1227
6,1,0.614633333333333
6,1,0.269566666666667
6,0,0.461333333333333
6,1,0.472166666666667
6,0,0.207
6,1,0.532566666666667
6,0,0.325933333333333
6,0,0.402333333333333
6,1,0.497033333333333
6,0,0.2948
6,1,0.3196
6,0,0.128566666666667
6,0,0.2508
6,0,0.352166666666667
6,1,0.110766666666667
6,0,0.271933333333333
6,0,0.239333333333333
6,0,0.3741
6,0,0.127233333333333
6,1,0.323633333333333
6,0,0.277333333333333
6,0,0.260533333333333
6,1,0.567466666666667
6,0,0.2966
6,0,0.502933333333333
6,1,0.1518
6,1,0.755266666666667
6,0,0.313866666666667
6,1,0.205266666666667
6,1,0.264966666666667
6,1,0.274566666666667
6,0,0.0818666666666667
6,1,0.3884
6,0,0.544333333333333
6,0,0.0817333333333333
6,1,0.304333333333333
6,1,0.438966666666667
6,1,0.548366666666667
6,1,0.422966666666667
6,1,0.8316
6,0,0.363833333333333
6,1,0.648833333333333
6,0,0.4344
6,0,0.645633333333333
6,1,0.714666666666667
6,0,0.159933333333333
6,1,0.462633333333333
6,1,0.384666666666667
6,1,0.215066666666667
6,0,0.4618
6,0,0.5955
6,0,0.0755333333333333
6,0,0.576966666666667
6,1,0.628533333333333
6,0,0.463933333333333
6,0,0.128966666666667
6,1,0.736733333333333
6,1,0.235933333333333
6,0,0.4726
6,1,0.309233333333333
6,1,0.624866666666666
6,0,0.373466666666667
6,1,0.490333333333333
6,1,0.2661
6,1,0.520566666666667
6,1,0.410733333333333
6,0,0.598633333333333
6,0,0.5627
6,1,0.440566666666667
6,1,0.228566666666667
6,0,0.364566666666667
6,1,0.5756
6,1,0.4631
6,1,0.470033333333333
7,0,0.2225
7,1,0.6708
7,0,0.187666666666667
7,0,0.141966666666667
7,0,0.3022
7,1,0.600266666666667
7,0,0.3476
7,1,0.477866666666667
7,0,0.162933333333333
7,1,0.376633333333333
7,0,0.236166666666667
7,0,0.3885
7,0,0.3556
7,0,0.375566666666667
7,1,0.329566666666667
7,0,0.377466666666667
7,0,0.5341
7,0,0.0317666666666667
7,0,0.2403
7,1,0.641366666666667
7,0,0.371966666666667
7,0,0.533833333333333
7,0,0.446333333333333
7,1,0.746766666666667
7,1,0.845333333333334
7,0,0.109066666666667
7,0,0.247366666666667
7,0,0.132066666666667
7,0,0.394833333333333
7,1,0.673433333333333
7,0,0.2003
7,0,0.0493
7,0,0.526333333333333
7,0,0.6155
7,0,0.338733333333333
7,0,0.307933333333333
7,1,0.277833333333333
7,1,0.211966666666667
7,0,0.0209666666666666
7,0,0.0387666666666667
7,0,0.4795
7,1,0.450066666666667
7,1,0.661
7,0,0.441533333333333
7,0,0.347166666666667
7,0,0.578066666666667
7,0,0.0706666666666667
7,0,0.178666666666667
7,0,0.569966666666667
7,0,0.367333333333333
7,0,0.0540333333333333
7,1,0.741666666666667
7,0,0.1497
7,0,0.3255
7,0,0.0813333333333333
7,1,0.6253
7,0,0.318366666666667
7,0,0.685533333333333
7,1,0.480433333333333
7,0,0.0478666666666667
7,0,0.0707666666666667
7,0,0.278633333333333
7,0,0.1284
7,0,0.0771333333333333
7,0,0.0104
7,0,0.1476
7,0,0.0752333333333333
7,0,0.0749
7,0,0.4244
7,1,0.0951
7,1,0.437933333333333
7,0,0.0336666666666667
7,0,0.513233333333333
7,0,0.0734666666666667
7,0,0.362366666666667
7,0,0.171933333333333
7,1,0.195433333333333
7,0,0.0379666666666666
7,1,0.6631
7,1,0.0244333333333333
7,0,0.000799999999999908
7,0,0.0701666666666667
7,1,0.657566666666667
7,1,0.363933333333333
7,0,0.00999999999999995
7,1,0.4414
7,1,0.129433333333333
7,0,0.1764
7,0,0.0341666666666667
7,0,0.369866666666667
7,0,0.0172666666666666
7,1,0.448833333333333
7,1,0.4734
7,0,0.2512
7,1,0.455933333333333
7,0,0.6318
7,1,0.792833333333333
7,0,0.0797
7,1,0.827933333333333
7,0,0.0718
7,0,0.162066666666667
7,0,0.149033333333333
7,1,0.704133333333333
7,1,0.732
7,1,0.648366666666667
7,0,0.142933333333333
7,0,0.393966666666667
7,0,0.6091
7,0,0.110466666666667
7,0,0.291166666666667
7,0,0.0662333333333333
7,0,0.0455333333333333
7,0,0.0441333333333333
7,0,0.260266666666667
7,0,0.1016
7,1,0.0975
7,0,0.0432333333333333
7,0,0.167066666666667
7,1,0.258166666666667
7,1,0.7344
7,0,0.1009
7,0,0.289333333333333
7,0,0.0784333333333333
7,0,0.0303333333333333
7,0,0.0949
7,1,0.123666666666667
7,0,0.789066666666667
7,0,0.0348333333333333
7,0,0.214666666666667
7,1,0.485433333333333
7,0,0.0385333333333333
7,1,0.5557
7,0,0.4163
7,1,0.804666666666667
7,1,0.5668
7,1,0.725833333333333
7,0,0.504966666666667
7,1,0.551166666666667
7,1,0.764766666666667
7,0,0.748166666666667
7,1,0.316733333333333
7,1,0.359166666666667
7,0,0.525966666666667
7,0,0.621033333333333
7,1,0.623766666666667
7,0,0.150066666666667
7,0,0.527933333333333
7,0,0.179666666666667
7,1,0.6639
7,1,0.312
7,0,0.0915
7,0,0.202133333333333
7,0,0.7241
7,0,0.1989
7,0,0.443933333333333
7,1,0.6686
7,0,0.2027
7,0,0.418633333333333
7,0,0.229733333333333
7,1,0.848566666666666
7,0,0.146
7,0,0.0758
7,1,0.2202
7,0,0.360566666666667
7,1,0.0430666666666667
7,1,0.652333333333333
7,0,0.2539
7,1,0.737166666666667
7,0,0.0480666666666667
7,0,0.188133333333333
7,0,0.307266666666667
7,0,0.121333333333333
7,0,0.0796666666666667
7,0,0.3084
7,0,0.138666666666667
7,0,0.430066666666667
7,0,0.220633333333333
7,0,0.00149999999999992
7,0,0.679933333333333
7,1,0.415966666666667
7,1,0.804466666666667
7,0,0.0139333333333333
7,0,0.0315
7,1,0.566866666666667
7,0,0.251866666666667
7,1,0.766333333333334
7,1,0.617266666666667
7,0,0.569466666666667
7,0,0.5529
7,1,0.7271
7,1,0.500866666666666
7,1,0.642166666666667
7,1,0.5279
7,0,0.263066666666667
7,1,0.0153
7,0,0.387266666666667
7,1,0.1614
7,1,0.4389
7,0,0.333633333333333
7,0,0.684366666666667
7,0,0.4643
7,0,0.3279
7,1,0.452633333333333
7,0,0.112566666666667
7,0,0.435333333333333
7,0,0.148866666666667
7,1,0.537466666666667
7,0,0.0461333333333333
7,1,0.4721
7,0,0.150433333333333
7,0,0.458266666666667
7,1,0.4598
7,0,0.0594666666666667
7,1,0.0733
7,0,0.5171
7,0,0.297933333333333
7,1,0.227633333333333
7,1,0.391233333333333
7,1,0.576266666666667
7,0,0.1748
7,1,0.784033333333333
7,0,0.379366666666667
7,0,0.192066666666667
7,0,0.0612333333333333
7,0,0.158733333333333
7,0,0.0143
7,0,0.2509
7,0,0.0427333333333333
7,1,0.182266666666667
7,0,0.0532
7,0,0.102766666666667
7,0,0.1357
7,0,0.421433333333333
7,1,0.102066666666667
7,0,0.352033333333333
7,0,0.340533333333333
7,0,0.077
7,1,0.235
7,0,0.5242
7,0,0.107
7,0,0.1371
7,0,0.274
7,0,0.120366666666667
7,1,0.4018
7,1,0.372733333333333
7,0,0.659933333333333
7,1,0.2715
7,1,0.4752
7,0,0.1717
7,1,0.684833333333333
7,0,0.385433333333333
7,1,0.669666666666667
7,1,0.190466666666667
7,0,0.171133333333333
7,1,0.8468
7,0,0.164733333333333
7,0,0.0727
7,0,0.2071
7,0,0.0183
7,0,0.125033333333333
7,0,0.153333333333333
7,0,0.253133333333333
7,0,0.331566666666667
7,1,0.3544
7,0,0.206733333333333
7,1,0.667133333333334
7,1,0.457966666666667
7,0,0.0991333333333333
7,1,0.2426
7,0,0.2671
7,0,0.430033333333333
7,1,0.5455
7,0,0.328766666666667
7,1,0.647433333333333
7,1,0.416533333333333
7,0,0.582966666666667
7,1,0.330133333333333
7,1,0.7134
7,0,0.140966666666667
7,1,0.784366666666667
7,1,0.0895
7,0,0.351133333333333
7,1,0.511666666666667
7,0,0.0418666666666667
7,0,0.6958
7,0,0.5352
7,0,0.4063
7,0,0.414733333333333
7,0,0.457766666666667
7,1,0.485566666666667
7,0,0.4035
7,0,0.320066666666667
7,0,0.446533333333333
7,0,0.1844
7,0,0.384433333333333
7,1,0.294833333333333
7,0,0.285766666666667
7,0,0.344566666666667
7,1,0.551266666666667
7,0,0.405466666666667
7,0,0.635333333333333
7,0,0.365733333333333
7,0,0.298166666666667
7,0,0.184933333333333
7,1,0.1985
7,1,0.4676
7,0,0.196833333333333
7,1,0.441766666666667
7,0,0.196
7,0,0.0903666666666667
7,0,0.4591
7,0,0.0691333333333333
7,1,0.522933333333333
7,1,0.3016
7,1,0.2664
7,0,0.0537
7,0,0.4062
7,1,0.5016
7,0,0.371566666666667
7,0,0.0998333333333333
7,0,0.0238666666666666
7,0,0.1276
7,0,0.3514
7,1,0.393433333333333
7,0,0.2453
7,0,0.527666666666667
7,0,0.390533333333333
7,1,0.617533333333333
7,0,0.355166666666667
7,0,0.164266666666667
7,0,0.348133333333333
7,0,0.0295666666666666
7,0,0.0206333333333333
7,1,0.638066666666667
7,0,0.757166666666667
7,0,0.3599
7,0,0.2956
7,0,0.552233333333333
7,0,0.231366666666667
7,0,0.407733333333333
7,0,0.2727
7,0,0.779266666666667
7,0,0.3596
7,0,0.149866666666667
7,0,0.270966666666667
7,1,0.482133333333333
7,1,0.5795
7,1,0.640733333333333
7,1,0.7299
7,0,0.273633333333333
7,1,0.446633333333333
7,1,0.589633333333333
7,1,0.513533333333333
7,1,0.3922
7,0,0.629733333333333
7,0,0.205466666666667
7,0,0.226633333333333
7,1,0.5927
7,0,0.535633333333333
7,0,0.414566666666667
7,0,0.345633333333333
7,0,0.535833333333333
7,1,0.599766666666667
7,0,0.215933333333333
7,1,0.187533333333333
7,1,0.535033333333333
7,1,0.662533333333333
7,1,0.3141
7,0,0.0618666666666667
7,1,0.2652
7,0,0.6251
7,1,0.585533333333334
7,0,0.561233333333333
7,0,0.0619333333333333
7,1,0.538733333333333
7,1,0.315233333333333
7,1,0.5283
7,0,0.3608
7,0,0.416166666666667
7,1,0.3064
7,1,0.394
7,0,0.2584
7,0,0.288333333333333
7,0,0.455233333333333
7,1,0.251366666666667
7,1,0.7453
7,0,0.362466666666667
7,0,0.4211
7,0,0.2657
7,1,0.458933333333333
7,0,0.3007
7,0,0.106
7,0,0.1737
7,1,0.303033333333333
7,0,0.1473
7,0,0.482233333333333
7,0,0.2085
7,0,0.232366666666667
7,0,0.0265
7,1,0.232233333333333
7,0,0.0689333333333333
7,1,0.302566666666667
7,1,0.4077
7,0,0.229466666666667
7,0,0.3848
7,1,0.438333333333333
8,1,0.369833333333333
8,1,0.649033333333334
8,0,0.246366666666667
8,0,0.0656666666666666
8,1,0.710933333333333
8,0,0.0194
8,0,0.117633333333333
8,1,0.304033333333333
8,0,0.0281333333333333
8,0,0.4106
8,1,0.739133333333333
8,0,0.2714
8,1,0.262433333333333
8,0,0.149966666666667
8,1,0.480733333333333
8,0,0.235466666666667
8,0,0.473833333333333
8,0,0.0306666666666666
8,1,0.697066666666667
8,0,0.218333333333333
8,0,0.147333333333333
8,0,0.293066666666667
8,0,0.339866666666667
8,1,0.274833333333333
8,0,0.139733333333333
8,0,0.0963666666666667
8,0,0.0997333333333333
8,0,0.0525
8,0,0.130066666666667
8,0,0.497833333333333
8,0,0.238466666666667
8,0,0.2605
8,1,0.551666666666667
8,1,0.7451
8,0,0.473466666666667
8,0,0.364666666666667
8,1,0.291066666666667
8,0,0.0333333333333333
8,0,0.1199
8,0,0.282033333333333
8,0,0.537433333333333
8,0,0.803033333333333
8,0,0.151266666666667
8,0,0.1311
8,1,0.150533333333333
8,0,0.675366666666667
8,0,0.121133333333333
8,0,0.1379
8,0,0.0774666666666667
8,1,0.140366666666667
8,0,0.587233333333333
8,1,0.276833333333333
8,0,0.3681
8,0,0.00506666666666657
8,0,0.0897
8,0,0.247266666666667
8,1,0.779333333333333
8,0,0.042
8,0,0.170733333333333
8,0,0.121266666666667
8,0,0.0834
8,0,0.127333333333333
8,1,0.400666666666667
8,0,0.0547
8,1,0.410166666666667
8,0,0.436666666666667
8,0,0.3655
8,1,0.782
8,0,0.612066666666667
8,0,0.4634
8,0,0.145966666666667
8,0,0.2378
8,0,0.3296
8,1,0.4137
8,0,0.241833333333333
8,0,0.0415666666666666
8,0,0.283433333333333
8,1,0.520266666666667
8,0,0.111533333333333
8,0,0.144566666666667
8,1,0.1509
8,0,0.0977
8,0,0.277066666666667
8,0,0.207633333333333
8,0,0.113933333333333
8,1,0.6106
8,0,0.0655333333333333
8,1,0.532166666666667
8,0,0.2489
8,0,0.503633333333333
8,0,0.319266666666667
8,0,0.229066666666667
8,0,0.1231
8,0,0.1509
8,0,0.238766666666667
8,1,0.225566666666667
8,1,0.223366666666667
8,0,0.111366666666667
8,0,0.314766666666667
8,0,0.164966666666667
8,0,0.1028
8,1,0.2197
8,0,0.1642
8,0,0.1247
8,0,0.304133333333333
8,0,0.177166666666667
8,1,0.741366666666667
8,0,0.0472333333333333
8,0,0.189966666666667
8,0,0.119133333333333
8,0,0.0144
8,1,0.449566666666667
8,0,0.0821333333333333
8,0,0.0393333333333333
8,0,0.3574
8,0,0.173166666666667
8,0,0.0375666666666666
8,0,0.0312
8,0,0.1542
8,1,0.811233333333333
8,0,0.477433333333333
8,1,0.1905
8,0,0.2652
8,1,0.109
8,0,0.0413666666666667
8,0,0.0164666666666666
8,1,0.3363
8,1,0.1049
8,0,0.0586666666666667
8,0,0.0537
8,0,0.536933333333333
8,1,0.179
8,1,0.718933333333333
8,0,0.696533333333333
8,1,0.855
8,0,0.133466666666667
8,1,0.1061
8,1,0.4727
8,0,0.708633333333334
8,1,0.685866666666667
8,0,0.373866666666667
8,1,0.797433333333333
8,0,0.123633333333333
8,0,0.115966666666667
8,0,0.249666666666667
8,0,0.3728
8,1,0.824433333333333
8,0,0.365833333333333
8,0,0.175966666666667
8,1,0.4216
8,1,0.805733333333333
8,0,0.6794
8,1,0.802533333333333
8,1,0.800466666666667
8,1,0.125966666666667
8,0,0.253933333333333
8,0,0.0849
8,0,0.676833333333334
8,0,0.213833333333333
8,0,0.2792
8,1,0.5291
8,0,0.355733333333333
8,0,0.3721
8,1,0.6922
8,0,0.272533333333333
8,0,0.0579
8,1,0.356433333333333
8,0,0.485866666666667
8,0,0.109433333333333
8,0,0.1184
8,1,0.3932
8,1,0.8182
8,1,0.0706666666666666
8,1,0.359066666666667
8,1,0.5675
8,1,0.133766666666667
8,0,0.564966666666667
8,0,0.0658666666666667
8,0,0.0706
8,0,0.1478
8,0,0.311466666666667
8,1,0.6189
8,1,0.675233333333333
8,1,0.5478
8,1,0.5073
8,0,0.262233333333333
8,1,0.3577
8,0,0.716966666666667
8,0,0.388266666666666
8,1,0.748633333333333
8,0,0.5924
8,1,0.600366666666667
8,0,0.2959
8,1,0.742033333333334
8,0,0.680066666666667
8,1,0.3188
8,0,0.119433333333333
8,0,0.2234
8,0,0.269333333333333
8,1,0.5362
8,0,0.6177
8,0,0.0625666666666667
8,0,0.0799666666666667
8,0,0.2221
8,0,0.129666666666667
8,1,0.8123
8,0,0.0538
8,0,0.0834333333333333
8,0,0.185
8,0,0.404933333333333
8,0,0.624633333333333
8,1,0.3626
8,1,0.7008
8,0,0.2459
8,0,0.174733333333333
8,1,0.333633333333333
8,0,0.2251
8,0,0.0947333333333334
8,0,0.2285
8,1,0.5097
8,0,0.384433333333334
8,0,0.146166666666667
8,0,0.234666666666667
8,1,0.587566666666666
8,0,0.1173
8,0,0.292733333333333
8,1,0.4774
8,0,0.0581333333333333
8,0,0.226266666666667
8,0,0.0865666666666667
8,0,0.199366666666667
8,0,0.107466666666667
8,0,0.267166666666667
8,0,0.145033333333333
8,1,0.330766666666667
8,0,0.130433333333333
8,0,0.0875333333333333
8,0,0.0146666666666666
8,0,0.0701333333333333
8,0,0.642166666666667
8,0,0.0281
8,0,0.367833333333333
8,1,0.590366666666667
8,0,0.0848
8,0,0.0959
8,1,0.732366666666667
8,0,0.131666666666667
8,0,0.132466666666667
8,0,0.0958
8,0,0.0774666666666667
8,0,0.0189666666666666
8,0,0.729633333333333
8,0,0.2276
8,0,0.0907666666666666
8,0,0.1277
8,0,0.5733
8,0,0.130566666666667
8,0,0.220166666666667
8,0,0.129266666666667
8,0,0.0797666666666667
8,0,0.3238
8,1,0.698866666666667
8,0,0.229933333333333
8,1,0.207533333333333
8,0,0.0133666666666666
8,1,0.118233333333333
8,1,0.351
8,1,0.2239
8,1,0.1991
8,0,0.312733333333333
8,1,0.4651
8,0,0.606233333333334
8,0,0.218
8,0,0.3779
8,1,0.6074
8,0,0.3232
8,0,0.336033333333333
8,0,0.217933333333333
8,1,0.567
8,0,0.458
8,0,0.1425
8,0,0.0960666666666667
8,0,0.120666666666667
8,0,0.848366666666667
8,1,0.0624
8,1,0.7756
8,0,0.220266666666667
8,1,0.281466666666667
8,0,0.211133333333333
8,0,0.877066666666667
8,0,0.1949
8,0,0.1769
8,1,0.867066666666667
8,1,0.188566666666667
8,1,0.5349
8,1,0.373066666666667
8,0,0.479566666666667
8,1,0.715666666666667
8,0,0.157266666666667
8,0,0.435366666666667
8,0,0.0412666666666666
8,0,0.326933333333333
8,0,0.696666666666667
8,0,0.148366666666667
8,1,0.365766666666667
8,0,0.562566666666667
8,1,0.1992
8,0,0.112166666666667
8,1,0.506466666666667
8,1,0.527233333333333
8,1,0.277033333333333
8,0,0.0571333333333333
8,0,0.336833333333333
8,0,0.478466666666667
8,0,0.4914
8,0,0.2083
8,1,0.621366666666667
8,0,0.169133333333333
8,1,0.533033333333333
8,0,0.156866666666667
8,0,0.0472666666666667
8,1,0.514066666666667
8,0,0.188166666666667
8,0,0.4316
8,1,0.39
8,0,0.385333333333333
8,1,0.4117
8,0,0.0659333333333333
8,0,0.165533333333333
8,1,0.2245
8,0,0.187766666666667
8,0,0.0917
8,0,0.168333333333333
8,1,0.399666666666667
8,0,0.341366666666666
8,0,0.1048
8,0,0.4689
8,0,0.309733333333333
8,1,0.452533333333333
8,0,0.0573333333333333
8,0,0.566266666666667
8,1,0.552533333333333
8,1,0.559333333333333
8,1,0.4858
8,1,0.559033333333333
8,0,0.211233333333333
8,1,0.4037
8,1,0.6804
8,1,0.783733333333333
8,0,0.358133333333333
8,0,0.2384
8,0,0.223866666666667
8,0,0.174266666666667
8,0,0.1715
8,0,0.535
8,0,0.148
8,0,0.173566666666667
8,0,0.305966666666667
8,1,0.2428
8,0,0.3764
8,0,0.376666666666667
8,1,0.409533333333333
8,1,0.4902
8,0,0.1758
8,0,0.2775
8,1,0.393
8,1,0.621733333333333
8,1,0.835566666666667
8,0,0.639633333333333
8,0,0.228766666666667
8,0,0.221766666666667
8,1,0.6053
8,1,0.555133333333333
8,1,0.5097
8,1,0.664333333333333
8,0,0.276233333333333
8,0,0.15
8,1,0.479433333333333
8,0,0.464566666666667
8,0,0.121366666666667
8,1,0.3902
8,1,0.531166666666667
8,0,0.461366666666667
8,0,0.2993
8,1,0.3412
8,0,0.462833333333333
8,0,0.224166666666667
8,1,0.7323
8,1,0.5136
8,0,0.281933333333333
8,1,0.4878
8,1,0.4951
8,1,0.590466666666667
8,0,0.567466666666667
8,1,0.544866666666667
8,1,0.673966666666667
8,0,0.322733333333333
8,0,0.2243
8,0,0.279266666666667
8,0,0.181733333333333
8,0,0.391266666666667
8,0,0.3545
8,0,0.464266666666667
8,0,0.294966666666667
8,1,0.4111
9,0,0.2835
9,0,0.0685333333333333
9,0,0.229266666666667
9,0,0.143966666666667
9,1,0.570133333333333
9,1,0.475266666666667
9,0,0.411566666666667
9,0,0.2127
9,1,0.279266666666667
9,0,0.103566666666667
9,0,0.109233333333333
9,0,0.0502333333333333
9,0,0.289
9,1,0.5566
9,0,0.258866666666667
9,0,0.242
9,1,0.8568
9,0,0.2958
9,1,0.6702
9,1,0.803266666666667
9,0,0.443833333333333
9,0,0.6418
9,0,0.3337
9,1,0.438233333333333
9,1,0.761233333333333
9,0,0.360833333333333
9,0,0.0138999999999999
9,0,0.0581
9,1,0.3377
9,1,0.120033333333333
9,0,0.22
9,0,0.430566666666667
9,0,0.0304333333333333
9,1,0.749433333333333
9,1,0.645366666666667
9,0,0.2777
9,0,0.384566666666667
9,0,0.0609333333333333
9,0,0.2103
9,0,0.799933333333334
9,0,0.1969
9,0,0.0943666666666667
9,0,0.216066666666667
9,0,0.327566666666667
9,0,0.0869
9,0,0.1735
9,0,0.261233333333333
9,0,0.4804
9,0,0.109266666666667
9,0,0.224266666666667
9,0,0.2951
9,0,0.106633333333333
9,0,0.205166666666667
9,1,0.6837
9,0,0.271766666666667
9,0,0.0953
9,0,0.0226333333333333
9,1,0.313766666666667
9,0,0.1358
9,0,0.414766666666667
9,0,0.391566666666667
9,0,0.0552
9,0,0.194
9,0,0.0390666666666666
9,1,0.9056
9,0,0.0981
9,0,0.1376
9,0,0.155833333333333
9,0,0.171033333333333
9,0,0.215566666666667
9,0,0.543833333333333
9,0,0.4282
9,0,0.485366666666667
9,0,0.386166666666667
9,0,0.258766666666667
9,0,0.0839666666666667
9,0,0.196966666666667
9,1,0.704566666666667
9,0,0.0412
9,1,0.7136
9,1,0.5475
9,0,0.1225
9,0,0.114933333333333
9,0,0.149966666666667
9,0,0.1029
9,0,0.069
9,1,0.738433333333333
9,0,0.0356666666666666
9,0,0.322733333333333
9,1,0.354333333333334
9,0,0.227733333333333
9,0,0.207466666666667
9,0,0.375
9,0,0.0756666666666667
9,0,0.4454
9,1,0.4385
9,0,0.328466666666667
9,0,0.251933333333333
9,0,0.0645333333333333
9,0,0.4221
9,1,0.2658
9,0,0.0712333333333333
9,0,0.232633333333333
9,0,0.3319
9,0,0.219833333333333
9,0,0.321033333333333
9,0,0.00399999999999991
9,0,0.154933333333333
9,0,0.123766666666667
9,0,0.0202
9,0,0.370833333333333
9,0,0.1333
9,0,0.504733333333333
9,0,0.2745
9,1,0.646366666666667
9,0,0.1397
9,0,0.699566666666667
9,1,0.568266666666667
9,0,0.501766666666667
9,0,0.1225
9,0,0.3651
9,0,0.246266666666667
9,1,0.533533333333333
9,0,0.196833333333333
9,1,0.335
9,0,0.419733333333333
9,1,0.773566666666667
9,1,0.568333333333333
9,0,0.1837
9,1,0.3629
9,0,0.429233333333333
9,1,0.2567
9,0,0.272766666666667
9,1,0.8445
9,1,0.744533333333333
9,1,0.334833333333333
9,0,0.3317
9,0,0.305
9,0,0.1377
9,1,0.800233333333333
9,1,0.464466666666667
9,0,0.0279
9,1,0.357166666666667
9,0,0.199333333333333
9,0,0.4946
9,0,0.0619333333333333
9,0,0.271366666666667
9,0,0.516633333333333
9,0,0.1826
9,1,0.569133333333333
9,1,0.274433333333333
9,0,0.3817
9,0,0.329733333333333
9,0,0.324866666666667
9,0,0.566866666666667
9,0,0.306066666666667
9,0,0.412333333333333
9,0,0.267433333333333
9,1,0.381133333333333
9,0,0.4059
9,0,0.4242
9,1,0.638833333333333
9,1,0.401133333333333
9,1,0.5525
9,0,0.4373
9,0,0.736766666666667
9,0,0.5854
9,0,0.344633333333333
9,0,0.0537333333333333
9,0,0.699666666666667
9,1,0.696066666666667
9,1,0.769166666666667
9,0,0.495266666666667
9,1,0.2568
9,1,0.2599
9,1,0.417333333333333
9,1,0.798833333333333
9,0,0.462666666666667
9,0,0.1559
9,1,0.651666666666667
9,1,0.609733333333333
9,1,0.507833333333333
9,0,0.668866666666667
9,0,0.228266666666667
9,1,0.462266666666667
9,1,0.776033333333333
9,0,0.649066666666667
9,0,0.314466666666667
9,0,0.434166666666667
9,0,0.5972
9,0,0.143133333333333
9,1,0.237433333333333
9,1,0.748
9,0,0.798033333333333
9,0,0.108266666666667
9,0,0.110633333333333
9,0,0.421766666666667
9,0,0.3063
9,1,0.2547
9,0,0.464833333333333
9,1,0.7156
9,1,0.753866666666667
9,1,0.465633333333334
9,1,0.1742
9,0,0.181366666666667
9,1,0.5409
9,0,0.761266666666667
9,0,0.5676
9,1,0.328
9,1,0.712833333333333
9,1,0.391666666666667
9,0,0.187833333333333
9,0,0.200266666666667
9,0,0.122933333333333
9,0,0.257933333333333
9,0,0.4327
9,1,0.5569
9,0,0.0502333333333333
9,1,0.4536
9,0,0.237733333333333
9,0,0.0389
9,0,0.440133333333333
9,0,0.0994
9,0,0.499866666666667
9,0,0.123966666666667
9,0,0.292233333333333
9,1,0.392566666666667
9,0,0.00949999999999992
9,0,0.0581
9,0,0.0510333333333333
9,1,0.749133333333333
9,0,0.393333333333333
9,0,0.2738
9,0,0.527133333333333
9,1,0.162066666666667
9,0,0.113766666666667
9,0,0.528533333333334
9,0,0.247366666666667
9,0,0.3116
9,0,0.1845
9,0,0.0978
9,0,0.4861
9,1,0.490166666666667
9,0,0.4215
9,0,0.644066666666667
9,1,0.1306
9,1,0.210866666666667
9,1,0.642033333333333
9,0,0.1832
9,1,0.2353
9,0,0.190733333333333
9,0,0.417566666666667
9,0,0.185733333333333
9,1,0.631266666666667
9,1,0.580733333333333
9,1,0.633766666666667
9,1,0.2283
9,1,0.2399
9,0,0.2926
9,1,0.680566666666667
9,0,0.424033333333333
9,0,0.485133333333333
9,1,0.331066666666667
9,0,0.146133333333333
9,0,0.112766666666667
9,0,0.4165
9,1,0.5551
9,0,0.436533333333333
9,0,0.332366666666667
9,0,0.190166666666667
9,1,0.765733333333333
9,0,0.430366666666667
9,0,0.408633333333333
9,1,0.649733333333333
9,0,0.423733333333333
9,0,0.5337
9,0,0.129733333333333
9,0,0.4266
9,0,0.349533333333333
9,0,0.0725
9,1,0.3728
9,0,0.0361
9,0,0.562866666666667
9,0,0.313166666666667
9,0,0.265666666666667
9,0,0.395833333333333
9,1,0.643966666666667
9,0,0.250366666666667
9,1,0.8361
9,0,0.203166666666667
9,0,0.304033333333333
9,0,0.345066666666667
9,1,0.592
9,1,0.650466666666667
9,0,0.176433333333333
9,0,0.0460666666666667
9,0,0.125633333333333
9,0,0.136866666666667
9,0,0.255666666666667
9,0,0.250266666666667
9,0,0.0782666666666667
9,0,0.0993
9,0,0.420066666666667
9,1,0.196233333333333
9,0,0.396733333333333
9,0,0.260633333333333
9,0,0.294066666666667
9,0,0.130266666666667
9,0,0.117633333333333
9,1,0.626533333333333
9,0,0.353166666666667
9,1,0.3027
9,0,0.2258
9,1,0.674566666666667
9,0,0.0989666666666667
9,0,0.151866666666667
9,0,0.675
9,1,0.3862
9,0,0.167033333333333
9,1,0.3891
9,0,0.231733333333333
9,0,0.2062
9,0,0.167766666666667
9,0,0.232
9,0,0.2111
9,1,0.4232
9,0,0.264066666666667
9,0,0.4601
9,0,0.2467
9,1,0.422866666666667
9,1,0.6957
9,0,0.242233333333333
9,0,0.555366666666667
9,0,0.366866666666667
9,0,0.583166666666667
9,0,0.461433333333333
9,1,0.3856
9,0,0.2337
9,0,0.552633333333333
9,0,0.118066666666667
9,0,0.2075
9,0,0.277333333333333
9,0,0.166766666666667
9,0,0.390566666666667
9,0,0.3149
9,1,0.7451
9,1,0.617766666666667
9,0,0.2195
9,1,0.903
9,0,0.329633333333333
9,0,0.258933333333333
9,0,0.393733333333333
9,1,0.4724
9,0,0.511566666666667
9,0,0.618466666666667
9,1,0.397433333333333
9,1,0.1849
9,1,0.693233333333333
9,0,0.477966666666667
9,1,0.369766666666667
9,1,0.640266666666666
9,0,0.594166666666667
9,1,0.231
9,1,0.559733333333333
9,0,0.348433333333333
9,1,0.331566666666667
9,1,0.617633333333333
9,0,0.567866666666666
9,0,0.3282
9,1,0.537866666666667
9,0,0.4993
9,0,0.548133333333333
9,0,0.316666666666667
9,1,0.424233333333333
9,1,0.408766666666667
9,1,0.484
9,0,0.2607
9,1,0.466933333333333
9,0,0.278833333333333
9,0,0.1411
9,0,0.0923333333333333
9,1,0.557
9,0,0.136166666666667
9,1,0.7203
9,1,0.394033333333333
9,0,0.344266666666667
9,0,0.469866666666667
9,0,0.604066666666667
9,1,0.554633333333333
9,0,0.046
9,0,0.756133333333333
9,0,0.1604
9,0,0.5517
9,1,0.501133333333333
9,0,0.634233333333333
9,0,0.587833333333333
9,0,0.00729999999999997
9,1,0.517
9,1,0.662766666666667
9,0,0.483266666666667
9,1,0.7849
9,0,0.449666666666667
9,1,0.502533333333333
9,1,0.6212
9,0,0.643666666666667
9,0,0.5999
10,1,0.247
10,0,0.1249
10,0,0.4242
10,0,0.493166666666667
10,0,0.0462
10,0,0.1774
10,0,0.508
10,0,0.170133333333333
10,1,0.2929
10,0,0.3333
10,0,0.00546666666666661
10,1,0.715766666666667
10,0,0.0885333333333333
10,1,0.171766666666667
10,0,0.0946333333333333
10,0,0.230833333333333
10,0,0.5601
10,1,0.434833333333333
10,1,0.7206
10,0,0.413466666666667
10,1,0.303
10,0,0.300366666666667
10,1,0.6038
10,1,0.489566666666667
10,1,0.6485
10,1,0.572666666666667
10,1,0.531133333333333
10,1,0.4489
10,0,0.521366666666667
10,1,0.148
10,0,0.787866666666667
10,0,0.0255333333333333
10,0,0.5617
10,0,0.1089
10,1,0.1455
10,0,0.570433333333333
10,0,0.665433333333333
10,0,0.0531
10,0,0.1089
10,0,0.425933333333333
10,0,0.3581
10,0,0.225633333333333
10,0,0.314633333333333
10,0,0.3286
10,1,0.375033333333333
10,0,0.240866666666667
10,0,0.306733333333333
10,1,0.3636
10,0,0.824333333333333
10,0,0.311066666666667
10,0,0.1999
10,1,0.302166666666667
10,1,0.457166666666667
10,1,0.263633333333333
10,0,0.681
10,0,0.119
10,0,0.2912
10,0,0.0395666666666666
10,1,0.2633
10,0,0.0101999999999999
10,0,0.0669
10,0,0.182766666666667
10,0,0.0828666666666667
10,0,0.0508333333333333
10,0,0.00699999999999994
10,0,0.0295333333333333
10,0,0.1071
10,1,0.325366666666667
10,0,0.0385666666666667
10,0,0.1232
10,0,0.353233333333333
10,0,0.147133333333333
10,0,0.0968
10,0,0.0458
10,0,0.232166666666667
10,0,0.0616666666666667
10,0,0.274666666666667
10,0,0.126966666666667
10,0,0.343033333333333
10,0,0.0928333333333333
10,0,0.204433333333333
10,0,0.1676
10,1,0.740533333333334
10,1,0.589566666666667
10,0,0.1763
10,1,0.120066666666667
10,1,0.254466666666667
10,0,0.242133333333333
10,0,0.1898
10,1,0.591166666666667
10,1,0.2962
10,0,0.2757
10,1,0.6513
10,0,0.164233333333333
10,0,0.440533333333333
10,0,0.318966666666667
10,0,0.154366666666667
10,0,0.322766666666667
10,0,0.0983666666666666
10,0,0.161766666666667
10,1,0.430866666666667
10,1,0.357766666666667
10,0,0.189033333333333
10,0,0.378366666666667
10,0,0.166166666666667
10,0,0.0693666666666666
10,0,0.0613333333333333
10,1,0.679833333333333
10,0,0.121633333333333
10,0,0.162133333333333
10,0,0.073
10,0,0.3673
10,0,0.4284
10,0,0.134533333333333
10,1,0.1167
10,0,0.0323666666666667
10,0,0.414833333333333
10,0,0.1509
10,0,0.2849
10,0,0.0479666666666667
10,1,0.4965
10,0,0.0833333333333333
10,0,0.340433333333333
10,0,0.0478
10,0,0.106166666666667
10,1,0.322533333333333
10,0,0.0785666666666667
10,0,0.0225333333333333
10,0,0.160133333333333
10,0,0.331533333333333
10,0,0.419166666666667
10,0,0.3368
10,0,0.491966666666667
10,1,0.4563
10,1,0.528
10,0,0.197266666666667
10,0,0.3676
10,0,0.319433333333333
10,0,0.1081
10,1,0.7198
10,1,0.8569
10,1,0.525233333333333
10,1,0.6229
10,1,0.6799
10,0,0.449266666666667
10,1,0.7692
10,1,0.7695
10,1,0.765533333333333
10,0,0.0692333333333333
10,1,0.604066666666667
10,1,0.1215
10,0,0.467166666666667
10,1,0.478366666666667
10,0,0.302166666666667
10,1,0.7974
10,0,0.0724666666666667
10,1,0.698166666666667
10,0,0.791933333333333
10,1,0.446066666666667
10,0,0.3169
10,0,0.2523
10,0,0.274533333333333
10,0,0.258566666666667
10,1,0.6562
10,0,0.170066666666667
10,0,0.123866666666667
10,0,0.0564666666666667
10,0,0.177433333333333
10,0,0.7905
10,0,0.1466
10,1,0.6812
10,1,0.591133333333333
10,1,0.891766666666666
10,1,0.3474
10,0,0.2362
10,0,0.292533333333333
10,0,0.323166666666667
10,0,0.0764333333333333
10,1,0.659766666666667
10,0,0.264366666666667
10,0,0.2424
10,1,0.649466666666667
10,0,0.611266666666667
10,0,0.384466666666667
10,0,0.220933333333333
10,0,0.2613
10,0,0.587766666666667
10,0,0.255233333333333
10,0,0.2333
10,1,0.134066666666667
10,0,0.145766666666667
10,0,0.4766
10,0,0.403433333333333
10,1,0.3027
10,0,0.162766666666667
10,1,0.504366666666667
10,1,0.7379
10,0,0.238266666666667
10,0,0.447066666666667
10,0,0.2816
10,0,0.366933333333333
10,1,0.8273
10,0,0.743166666666667
10,0,0.314566666666667
10,1,0.724766666666667
10,1,0.6093
10,1,0.232166666666667
10,0,0.3742
10,0,0.4493
10,1,0.536066666666667
10,0,0.537833333333333
10,0,0.0487333333333333
10,0,0.0478666666666667
10,0,0.622233333333333
10,0,0.403233333333333
10,0,0.262633333333333
10,0,0.177333333333333
10,0,0.165233333333333
10,1,0.432466666666667
10,1,0.460333333333333
10,1,0.7033
10,0,0.175233333333333
10,0,0.0407333333333333
10,0,0.140333333333333
10,0,0.352
10,1,0.158166666666667
10,0,0.1279
10,1,0.317
10,0,0.244933333333333
10,0,0.115566666666667
10,0,0.600433333333333
10,1,0.502266666666667
10,0,0.0991666666666667
10,0,0.1247
10,0,0.503633333333333
10,1,0.775
10,1,0.0357333333333333
10,0,0.512566666666667
10,1,0.590266666666667
10,0,0.120033333333333
10,0,0.152266666666667
10,1,0.639133333333333
10,1,0.605433333333333
10,0,0.127066666666667
10,0,0.0509666666666667
10,0,0.115133333333333
10,0,0.2404
10,0,0.320733333333333
10,1,0.085
10,0,0.233866666666667
10,1,0.2061
10,0,0.0930333333333333
10,1,0.755966666666667
10,0,0.139766666666667
10,0,0.617766666666667
10,0,0.310333333333333
10,0,0.102133333333333
10,0,0.0604333333333333
10,0,0.246433333333333
10,0,0.3261
10,0,0.6208
10,0,0.317966666666667
10,0,0.105066666666667
10,1,0.4024
10,0,0.285733333333333
10,0,0.439233333333333
10,0,0.4292
10,1,0.594
10,0,0.129966666666667
10,0,0.273966666666667
10,0,0.131966666666667
10,0,0.0376666666666666
10,0,0.570966666666667
10,0,0.479433333333333
10,0,0.553033333333333
10,1,0.7109
10,0,0.4187
10,1,0.776033333333333
10,0,0.545133333333333
10,1,0.600566666666667
10,0,0.273333333333333
10,1,0.609366666666667
10,1,0.6743
10,1,0.639933333333333
10,1,0.7421
10,1,0.6067
10,1,0.397066666666667
10,1,0.5998
10,0,0.116133333333333
10,0,0.583433333333333
10,1,0.759033333333333
10,0,0.0796
10,0,0.376266666666667
10,1,0.6525
10,0,0.0234
10,0,0.201266666666667
10,1,0.3393
10,0,0.221766666666667
10,0,0.0454666666666666
10,0,0.1491
10,0,0.379833333333333
10,0,0.2582
10,1,0.3886
10,0,0.0246
10,0,0.0609333333333333
10,0,0.261633333333333
10,0,0.200066666666667
10,0,0.272433333333333
10,0,0.6122
10,0,0.2265
10,1,0.690233333333333
10,0,0.268833333333333
10,0,0.282433333333333
10,0,0.4207
10,1,0.270533333333333
10,0,0.3028
10,1,0.6349
10,1,0.2028
10,0,0.503133333333333
10,1,0.4004
10,0,0.202633333333333
10,0,0.161266666666667
10,0,0.506
10,0,0.202366666666667
10,0,0.573766666666667
10,1,0.3232
10,0,0.467233333333333
10,1,0.32
10,0,0.221966666666667
10,0,0.3292
10,0,0.0972666666666667
10,1,0.3527
10,0,0.533433333333333
10,0,0.0362666666666667
10,1,0.324233333333333
10,0,0.105266666666667
10,0,0.474566666666667
10,0,0.169666666666667
10,0,0.2704
10,0,0.0879
10,0,0.5188
10,1,0.597833333333333
10,1,0.220133333333333
10,1,0.6006
10,0,0.169766666666667
10,1,0.689033333333333
10,0,0.428233333333334
10,1,0.4021
10,1,0.113733333333333
10,0,0.0618
10,1,0.3476
10,0,0.5383
10,0,0.192033333333333
10,0,0.218833333333333
10,0,0.1991
10,1,0.5349
10,1,0.372933333333333
10,1,0.644933333333334
10,1,0.285666666666667
10,0,0.367
10,0,0.378633333333333
10,0,0.1525
10,1,0.4037
10,1,0.592433333333333
10,0,0.00846666666666662
10,0,0.2139
10,0,0.5974
10,1,0.200633333333333
10,0,0.226866666666667
10,1,0.792466666666667
10,0,0.519466666666667
10,1,0.605166666666667
10,0,0.4638
10,0,0.3229
10,1,0.444233333333333
10,0,0.6263
10,0,0.321166666666667
10,0,0.496466666666667
10,0,0.4445
10,0,0.385733333333333
10,1,0.3606
10,0,0.2917
10,1,0.504333333333333
10,1,0.491366666666667
10,0,0.22
10,0,0.562333333333333
10,0,0.265933333333333
10,0,0.2125
10,0,0.168466666666667
10,0,0.3479
10,0,0.357233333333333
10,1,0.447433333333333
10,0,0.603433333333333
10,1,0.7613
10,0,0.354266666666667
10,0,0.192233333333333
10,0,0.124266666666667
10,0,0.0472666666666667
10,1,0.627433333333333
10,0,0.204866666666667
10,0,0.271833333333333
10,0,0.3016
10,1,0.502233333333333
10,0,0.560233333333333
10,1,0.0666666666666666
